{
 "cm": [
  6745,
  58,
  173,
  26,
  115,
  112,
  6081,
  403,
  55,
  419,
  280,
  270,
  6425,
  87,
  139,
  30,
  41,
  107,
  6999,
  56,
  282,
  937,
  347,
  74,
  5419
 ],
 "accuracy": 0.8875840807174888,
 "precision": [
  0.9054906698885756,
  0.8232029240557737,
  0.8618376928236083,
  0.9665792017677116,
  0.8814248536109304
 ],
 "precision_micro": 0.8875840807174888,
 "precision_macro": 0.88770706842932,
 "precision_samples": 0.8875840807174888,
 "recall": [
  0.9477307854433048,
  0.8601131541725601,
  0.8922371892792668,
  0.9676482787225218,
  0.7676724748547953
 ],
 "recall_micro": 0.8875840807174888,
 "recall_macro": 0.8870803764944897,
 "recall_samples": 0.8875840807174888,
 "f1": [
  0.9261293423039956,
  0.841253372068894,
  0.8767740174672489,
  0.967113444797568,
  0.820625425910502
 ],
 "f1_micro": 0.8875840807174888,
 "f1_macro": 0.8863791205096417,
 "f1_samples": 0.8875840807174888,
 "loss": 0.31729227011546074
}