{
 "cm": [
  6717,
  122,
  134,
  35,
  109,
  111,
  6362,
  323,
  67,
  207,
  414,
  503,
  6100,
  66,
  118,
  47,
  98,
  122,
  6910,
  56,
  376,
  1244,
  340,
  107,
  4992
 ],
 "accuracy": 0.8711042600896861,
 "precision": [
  0.876320939334638,
  0.7638371953415776,
  0.8690696680438809,
  0.9617258176757133,
  0.9106165632980664
 ],
 "precision_micro": 0.8711042600896861,
 "precision_macro": 0.8763140367387752,
 "precision_samples": 0.8711042600896861,
 "recall": [
  0.9437965434874245,
  0.8998585572842999,
  0.8471045688098875,
  0.9553435642195492,
  0.7071823204419889
 ],
 "recall_micro": 0.8711042600896861,
 "recall_macro": 0.8706571108486301,
 "recall_samples": 0.8711042600896861,
 "f1": [
  0.9088080097415776,
  0.8262874212611209,
  0.8579465541490858,
  0.9585240671382993,
  0.7961087632565186
 ],
 "f1_micro": 0.8711042600896861,
 "f1_macro": 0.8695349631093204,
 "f1_samples": 0.8711042600896861,
 "loss": 0.4089843424098316
}