{
 "cm": [
  6835,
  46,
  128,
  19,
  89,
  107,
  6368,
  268,
  60,
  267,
  266,
  308,
  6425,
  85,
  117,
  36,
  31,
  74,
  7043,
  49,
  250,
  942,
  273,
  80,
  5514
 ],
 "accuracy": 0.9020459641255605,
 "precision": [
  0.9120629837203096,
  0.8275503573749188,
  0.8963448660714286,
  0.9665157129134074,
  0.9135188866799204
 ],
 "precision_micro": 0.9020459641255605,
 "precision_macro": 0.9031985613519969,
 "precision_samples": 0.9020459641255605,
 "recall": [
  0.9603765631586343,
  0.9007072135785007,
  0.8922371892792668,
  0.9737315083644408,
  0.7811304717382066
 ],
 "recall_micro": 0.9020459641255605,
 "recall_macro": 0.9016365892238097,
 "recall_samples": 0.9020459641255605,
 "f1": [
  0.9355964684142085,
  0.8625804266847273,
  0.8942863108079894,
  0.9701101928374656,
  0.8421534936998855
 ],
 "f1_micro": 0.9020459641255605,
 "f1_macro": 0.9009453784888553,
 "f1_samples": 0.9020459641255605,
 "loss": 0.2664651310297253
}