{
 "cm": [
  6812,
  76,
  117,
  14,
  98,
  75,
  6519,
  234,
  35,
  207,
  263,
  377,
  6420,
  51,
  90,
  36,
  53,
  106,
  6995,
  43,
  231,
  1019,
  256,
  55,
  5498
 ],
 "accuracy": 0.9036995515695068,
 "precision": [
  0.9184306323311312,
  0.8104177026355047,
  0.9000420580400953,
  0.9783216783216783,
  0.9262129380053908
 ],
 "precision_micro": 0.9036995515695068,
 "precision_macro": 0.9066850018667602,
 "precision_samples": 0.9036995515695068,
 "recall": [
  0.9571448644091611,
  0.922065063649222,
  0.8915428412720455,
  0.9670952578459837,
  0.7788638617367899
 ],
 "recall_micro": 0.9036995515695068,
 "recall_macro": 0.9033423777826405,
 "recall_samples": 0.9036995515695068,
 "f1": [
  0.9373881932021467,
  0.8626439063120286,
  0.895772289660946,
  0.9726760759229646,
  0.8461716044632551
 ],
 "f1_micro": 0.9036995515695068,
 "f1_macro": 0.9029304139122682,
 "f1_samples": 0.9036995515695068,
 "loss": 0.25165756750617935
}