{
 "cm": [
  6823,
  67,
  118,
  23,
  86,
  90,
  6428,
  245,
  65,
  242,
  294,
  431,
  6296,
  77,
  103,
  33,
  36,
  93,
  7028,
  43,
  285,
  1063,
  248,
  82,
  5381
 ],
 "accuracy": 0.895627802690583,
 "precision": [
  0.9067109634551495,
  0.8009968847352025,
  0.8994285714285715,
  0.9660481099656357,
  0.9190435525192143
 ],
 "precision_micro": 0.895627802690583,
 "precision_macro": 0.8984456164207547,
 "precision_samples": 0.895627802690583,
 "recall": [
  0.958690459463257,
  0.9091937765205091,
  0.8743230106929593,
  0.9716576800774229,
  0.7622892761014308
 ],
 "recall_micro": 0.895627802690583,
 "recall_macro": 0.8952308405711158,
 "recall_samples": 0.895627802690583,
 "f1": [
  0.9319765059418113,
  0.8516727393176549,
  0.8866981198507148,
  0.9688447752963882,
  0.8333591451138299
 ],
 "f1_micro": 0.895627802690583,
 "f1_macro": 0.8945102571040797,
 "f1_samples": 0.895627802690583,
 "loss": 0.28763043556981854
}