{
 "cm": [
  6821,
  58,
  120,
  17,
  101,
  107,
  6209,
  368,
  84,
  302,
  315,
  278,
  6382,
  86,
  140,
  39,
  26,
  96,
  7033,
  39,
  277,
  982,
  301,
  90,
  5409
 ],
 "accuracy": 0.8927690582959641,
 "precision": [
  0.9023680381002778,
  0.8220574606116775,
  0.8782165955690105,
  0.9621067031463748,
  0.9028542814221332
 ],
 "precision_micro": 0.8927690582959641,
 "precision_macro": 0.8935206157698948,
 "precision_samples": 0.8927690582959641,
 "recall": [
  0.9584094421806941,
  0.8782178217821782,
  0.8862657964171643,
  0.9723489561730956,
  0.7662558436039099
 ],
 "recall_micro": 0.8927690582959641,
 "recall_macro": 0.8922995720314084,
 "recall_samples": 0.8927690582959641,
 "f1": [
  0.9295448351049332,
  0.8492101483963619,
  0.8822228366049212,
  0.9672007151206766,
  0.8289655172413793
 ],
 "f1_micro": 0.8927690582959641,
 "f1_macro": 0.8914288104936545,
 "f1_samples": 0.8927690582959641,
 "loss": 0.2895318767151779
}