{
 "cm": [
  6629,
  95,
  247,
  26,
  120,
  88,
  6402,
  305,
  59,
  216,
  249,
  427,
  6344,
  73,
  108,
  31,
  50,
  99,
  7004,
  49,
  262,
  1146,
  339,
  95,
  5217
 ],
 "accuracy": 0.8855381165919283,
 "precision": [
  0.9132111861137898,
  0.788423645320197,
  0.8650122716116717,
  0.9651371089982086,
  0.9136602451838879
 ],
 "precision_micro": 0.8855381165919283,
 "precision_macro": 0.889088891445551,
 "precision_samples": 0.8855381165919283,
 "recall": [
  0.9314317830546579,
  0.9055162659123055,
  0.8809887515622831,
  0.9683395548181943,
  0.7390565235869103
 ],
 "recall_micro": 0.8855381165919283,
 "recall_macro": 0.8850665757868702,
 "recall_samples": 0.8855381165919283,
 "f1": [
  0.9222314969393434,
  0.8429229756418697,
  0.8729274165806673,
  0.9667356797791581,
  0.8171352494322186
 ],
 "f1_micro": 0.8855381165919283,
 "f1_macro": 0.8843905636746514,
 "f1_samples": 0.8855381165919283,
 "loss": 0.3230322397400034
}