{
 "cm": [
  6805,
  83,
  132,
  18,
  79,
  104,
  6232,
  399,
  58,
  277,
  381,
  382,
  6260,
  59,
  119,
  44,
  59,
  125,
  6928,
  77,
  363,
  1089,
  335,
  81,
  5191
 ],
 "accuracy": 0.8804932735426009,
 "precision": [
  0.8841106924775887,
  0.7943913320586361,
  0.8633291959729692,
  0.9697648376259799,
  0.9038829879853735
 ],
 "precision_micro": 0.8804932735426009,
 "precision_macro": 0.8830958092241096,
 "precision_samples": 0.8804932735426009,
 "recall": [
  0.956161303920191,
  0.8814710042432815,
  0.8693237050409666,
  0.9578321581639707,
  0.7353732823346083
 ],
 "recall_micro": 0.8804932735426009,
 "recall_macro": 0.8800322907406036,
 "recall_samples": 0.8804932735426009,
 "f1": [
  0.9187255299041447,
  0.8356687898089172,
  0.8663160808192638,
  0.9637615636085414,
  0.8109670364005624
 ],
 "f1_micro": 0.8804932735426009,
 "f1_macro": 0.8790878001082859,
 "f1_samples": 0.8804932735426009,
 "loss": 0.38146070200929255
}