{
 "cm": [
  6788,
  63,
  152,
  19,
  95,
  77,
  6277,
  345,
  51,
  320,
  254,
  261,
  6497,
  60,
  129,
  31,
  35,
  124,
  7003,
  40,
  243,
  944,
  272,
  85,
  5515
 ],
 "accuracy": 0.899103139013453,
 "precision": [
  0.9181658325442986,
  0.8281002638522428,
  0.8791610284167795,
  0.9702133555001385,
  0.9042465978029185
 ],
 "precision_micro": 0.899103139013453,
 "precision_macro": 0.8999774156232755,
 "precision_samples": 0.899103139013453,
 "recall": [
  0.9537726570184066,
  0.8878359264497878,
  0.9022358005832524,
  0.9682012995990599,
  0.781272134863295
 ],
 "recall_micro": 0.899103139013453,
 "recall_macro": 0.8986635637027603,
 "recall_samples": 0.899103139013453,
 "f1": [
  0.9356305995864921,
  0.8569283276450512,
  0.8905489685422521,
  0.9692062833021936,
  0.8382732938136495
 ],
 "f1_micro": 0.899103139013453,
 "f1_macro": 0.8981174945779277,
 "f1_samples": 0.899103139013453,
 "loss": 0.26652347240320956
}