{
 "cm": [
  6786,
  54,
  170,
  11,
  96,
  72,
  6388,
  356,
  42,
  212,
  246,
  247,
  6579,
  31,
  98,
  23,
  47,
  159,
  6943,
  61,
  236,
  987,
  301,
  51,
  5484
 ],
 "accuracy": 0.9019058295964125,
 "precision": [
  0.9216352030422382,
  0.8271397125469377,
  0.8696629213483146,
  0.9809268154846001,
  0.9215257939842043
 ],
 "precision_micro": 0.9019058295964125,
 "precision_macro": 0.904178089281259,
 "precision_samples": 0.9019058295964125,
 "recall": [
  0.9534916397358437,
  0.9035360678925035,
  0.9136231079016803,
  0.9599059864509886,
  0.7768805779855503
 ],
 "recall_micro": 0.9019058295964125,
 "recall_macro": 0.9014874759933132,
 "recall_samples": 0.9019058295964125,
 "f1": [
  0.937292817679558,
  0.8636517271682552,
  0.8911011783827713,
  0.9703025644609042,
  0.84304381245196
 ],
 "f1_micro": 0.9019058295964125,
 "f1_macro": 0.9010784200286898,
 "f1_samples": 0.9019058295964125,
 "loss": 0.2510229461217685
}