{
 "cm": [
  167351,
  2420,
  4298,
  860,
  3567,
  2127,
  153835,
  7848,
  1589,
  13503,
  7013,
  8594,
  154808,
  3404,
  4615,
  905,
  1339,
  2510,
  172084,
  1565,
  6237,
  20450,
  6784,
  2850,
  141482
 ],
 "accuracy": 0.885119243799031,
 "precision": [
  0.9113340194845153,
  0.8242426515500595,
  0.8783532295401933,
  0.9518604766935675,
  0.8588616662214992
 ],
 "precision_micro": 0.885119243799031,
 "precision_macro": 0.884930408697967,
 "precision_samples": 0.885119243799031,
 "recall": [
  0.9375616260308354,
  0.8598841824015383,
  0.8675924991873746,
  0.9645801920371294,
  0.7957233567487613
 ],
 "recall_micro": 0.885119243799031,
 "recall_macro": 0.8850683712811278,
 "recall_samples": 0.885119243799031,
 "f1": [
  0.9242617962107426,
  0.8416862723641736,
  0.8729397037346129,
  0.9581781229989699,
  0.8260878450377334
 ],
 "f1_micro": 0.885119243799031,
 "f1_macro": 0.8846307480692465,
 "f1_samples": 0.885119243799031
}