{
 "cm": [
  6729,
  99,
  176,
  15,
  107,
  63,
  6425,
  353,
  70,
  272,
  243,
  273,
  6480,
  79,
  114,
  31,
  35,
  107,
  6811,
  53,
  257,
  990,
  285,
  90,
  5525
 ],
 "accuracy": 0.8959699568409842,
 "precision": [
  0.9188857025809095,
  0.8214011761697776,
  0.8755573571139035,
  0.9640481245576787,
  0.9100642398286938
 ],
 "precision_micro": 0.8959699568409842,
 "precision_macro": 0.8979913200501926,
 "precision_samples": 0.8959699568409842,
 "recall": [
  0.944288520909346,
  0.8944730613949603,
  0.9013771039087495,
  0.9678840414949552,
  0.7730516300545683
 ],
 "recall_micro": 0.8959699568409842,
 "recall_macro": 0.896214871552516,
 "recall_samples": 0.8959699568409842,
 "f1": [
  0.9314139386808775,
  0.8563812062645785,
  0.888279643591501,
  0.9659622748546306,
  0.8359812377061583
 ],
 "f1_micro": 0.8959699568409842,
 "f1_macro": 0.8956036602195493,
 "f1_samples": 0.8959699568409842,
 "loss": 0.3546502436319028
}