{
 "cm": [
  6808,
  76,
  112,
  22,
  108,
  58,
  6451,
  203,
  46,
  425,
  232,
  284,
  6429,
  123,
  121,
  22,
  33,
  54,
  6880,
  48,
  205,
  693,
  196,
  85,
  5968
 ],
 "accuracy": 0.9118322963959419,
 "precision": [
  0.929419795221843,
  0.8559108398567069,
  0.919216471261081,
  0.961430967020682,
  0.8947526236881559
 ],
 "precision_micro": 0.9118322963959419,
 "precision_macro": 0.9121461394096937,
 "precision_samples": 0.9118322963959419,
 "recall": [
  0.9553746842548414,
  0.8980927189196715,
  0.8942829322576158,
  0.9776893562597698,
  0.8350356793060025
 ],
 "recall_micro": 0.9118322963959419,
 "recall_macro": 0.9120950741995802,
 "recall_samples": 0.9118322963959419,
 "f1": [
  0.9422185315895094,
  0.8764945652173913,
  0.9065782979623493,
  0.9694920031001197,
  0.8638633567344576
 ],
 "f1_micro": 0.9118322963959419,
 "f1_macro": 0.9117293509207653,
 "f1_samples": 0.9118322963959419,
 "loss": 0.09354085148769326
}