{
 "cm": [
  6719,
  114,
  182,
  25,
  86,
  60,
  6478,
  336,
  65,
  244,
  235,
  272,
  6501,
  102,
  79,
  28,
  31,
  93,
  6842,
  43,
  235,
  995,
  326,
  102,
  5489
 ],
 "accuracy": 0.8976234516002466,
 "precision": [
  0.9233200494709358,
  0.8210392902408111,
  0.8740252756117236,
  0.9588004484304933,
  0.9239185322336307
 ],
 "precision_micro": 0.8976234516002466,
 "precision_macro": 0.900220719197519,
 "precision_samples": 0.8976234516002466,
 "recall": [
  0.9428852090934605,
  0.9018515940414868,
  0.9042982334121574,
  0.9722893278385676,
  0.7680145515600951
 ],
 "recall_micro": 0.8976234516002466,
 "recall_macro": 0.8978677831891536,
 "recall_samples": 0.8976234516002466,
 "f1": [
  0.9330000694299798,
  0.8595501890798116,
  0.8889040814931292,
  0.9654977774641925,
  0.8387836185819071
 ],
 "f1_micro": 0.8976234516002466,
 "f1_macro": 0.897147147209804,
 "f1_samples": 0.8976234516002466,
 "loss": 0.1314569163832491
}