{
 "cm": [
  6821,
  58,
  145,
  25,
  77,
  82,
  6015,
  510,
  75,
  501,
  270,
  167,
  6546,
  105,
  101,
  26,
  20,
  96,
  6848,
  47,
  267,
  722,
  366,
  105,
  5687
 ],
 "accuracy": 0.8944846140911384,
 "precision": [
  0.9136083578890972,
  0.8615010025780578,
  0.8542346339553699,
  0.956691813355686,
  0.8867924528301887
 ],
 "precision_micro": 0.8944846140911384,
 "precision_macro": 0.89456565212168,
 "precision_samples": 0.8944846140911384,
 "recall": [
  0.9571989896154925,
  0.837393846582208,
  0.910557796633746,
  0.9731419639050732,
  0.7957184832796977
 ],
 "recall_micro": 0.8944846140911384,
 "recall_macro": 0.8948022160032435,
 "recall_samples": 0.8944846140911384,
 "f1": [
  0.9348958333333334,
  0.8492763854571126,
  0.8814974414220307,
  0.964846777034167,
  0.8387905604719764
 ],
 "f1_micro": 0.8944846140911384,
 "f1_macro": 0.893861399543724,
 "f1_samples": 0.8944846140911384,
 "loss": 0.13231548305264623
}