{
 "cm": [
  6749,
  79,
  188,
  27,
  83,
  45,
  6556,
  262,
  60,
  260,
  193,
  260,
  6537,
  115,
  84,
  25,
  33,
  71,
  6880,
  28,
  208,
  892,
  255,
  122,
  5670
 ],
 "accuracy": 0.9077966481699457,
 "precision": [
  0.9347645429362881,
  0.8383631713554988,
  0.8938875974292356,
  0.9550249861188229,
  0.9257142857142857
 ],
 "precision_micro": 0.9077966481699457,
 "precision_macro": 0.9095509167108261,
 "precision_samples": 0.9077966481699457,
 "recall": [
  0.947095144541117,
  0.9127105666156202,
  0.9093058839894282,
  0.9776893562597698,
  0.7933398628795298
 ],
 "recall_micro": 0.9077966481699457,
 "recall_macro": 0.908028162857093,
 "recall_samples": 0.9077966481699457,
 "f1": [
  0.9408894465356197,
  0.8739585416250083,
  0.9015308233347125,
  0.9662242820026683,
  0.8544303797468354
 ],
 "f1_micro": 0.9077966481699457,
 "f1_macro": 0.9074066946489688,
 "f1_samples": 0.9077966481699457,
 "loss": 0.09148431163817514
}