{
 "cm": [
  6775,
  60,
  168,
  10,
  113,
  87,
  6470,
  291,
  39,
  296,
  245,
  297,
  6438,
  68,
  141,
  34,
  52,
  105,
  6791,
  55,
  226,
  911,
  230,
  64,
  5716
 ],
 "accuracy": 0.9021355305195897,
 "precision": [
  0.9196416451744265,
  0.8305519897304237,
  0.8902101769911505,
  0.9740390131956397,
  0.9042872963138744
 ],
 "precision_micro": 0.9021355305195897,
 "precision_macro": 0.903746024281103,
 "precision_samples": 0.9021355305195897,
 "recall": [
  0.9507437552624193,
  0.9007378532646526,
  0.8955348449019335,
  0.9650419212732698,
  0.79977612984469
 ],
 "recall_micro": 0.9021355305195897,
 "recall_macro": 0.9023669009093931,
 "recall_samples": 0.9021355305195897,
 "f1": [
  0.934934106120196,
  0.8642222667468109,
  0.8928645724984398,
  0.969519594546363,
  0.8488268488268488
 ],
 "f1_micro": 0.9021355305195897,
 "f1_macro": 0.9020734777477317,
 "f1_samples": 0.9021355305195897,
 "loss": 0.11708808843940459
}