{
 "cm": [
  6798,
  65,
  157,
  13,
  93,
  86,
  6599,
  243,
  50,
  205,
  259,
  303,
  6469,
  58,
  100,
  34,
  35,
  103,
  6810,
  55,
  233,
  961,
  252,
  78,
  5623
 ],
 "accuracy": 0.9051902920239897,
 "precision": [
  0.9174089068825911,
  0.8287077734522165,
  0.8954872646733112,
  0.9716079326580112,
  0.9254443712969058
 ],
 "precision_micro": 0.9051902920239897,
 "precision_macro": 0.9077312497926071,
 "precision_samples": 0.9051902920239897,
 "recall": [
  0.9539713724389559,
  0.918696923291104,
  0.8998469884545834,
  0.967741935483871,
  0.786763677067301
 ],
 "recall_micro": 0.9051902920239897,
 "recall_macro": 0.905404179347163,
 "recall_samples": 0.9051902920239897,
 "f1": [
  0.9353329664281783,
  0.8713851842070514,
  0.8976618330673697,
  0.9696710807347287,
  0.8504877864327308
 ],
 "f1_micro": 0.9051902920239897,
 "f1_macro": 0.9049077701740117,
 "f1_samples": 0.9051902920239897,
 "loss": 0.1173162730980686
}