{
 "cm": [
  6701,
  111,
  163,
  30,
  121,
  65,
  6541,
  234,
  109,
  234,
  261,
  521,
  6151,
  113,
  143,
  32,
  42,
  104,
  6809,
  50,
  273,
  1122,
  228,
  134,
  5390
 ],
 "accuracy": 0.885376380247744,
 "precision": [
  0.9139388979814512,
  0.7845747870936788,
  0.8940406976744186,
  0.9463516330785268,
  0.9077130346918154
 ],
 "precision_micro": 0.885376380247744,
 "precision_macro": 0.8893238101039781,
 "precision_samples": 0.885376380247744,
 "recall": [
  0.9403592478248667,
  0.9106223026590561,
  0.8556127416886911,
  0.9675998294727867,
  0.7541625857002938
 ],
 "recall_micro": 0.885376380247744,
 "recall_macro": 0.885671341469139,
 "recall_samples": 0.885376380247744,
 "f1": [
  0.9269608521233919,
  0.8429123711340206,
  0.8744047195962755,
  0.9568577852726251,
  0.8238440962934658
 ],
 "f1_micro": 0.885376380247744,
 "f1_macro": 0.8849959648839558,
 "f1_samples": 0.885376380247744,
 "loss": 0.4040796019615577
}