{
 "cm": [
  6680,
  79,
  192,
  25,
  150,
  49,
  6562,
  211,
  49,
  312,
  190,
  297,
  6491,
  87,
  124,
  18,
  41,
  81,
  6845,
  52,
  176,
  827,
  223,
  78,
  5843
 ],
 "accuracy": 0.9086093828821254,
 "precision": [
  0.9391255447771686,
  0.8406354086600051,
  0.9017782717421506,
  0.9662619988706945,
  0.9015584014812529
 ],
 "precision_micro": 0.9086093828821254,
 "precision_macro": 0.9098719251062544,
 "precision_samples": 0.9086093828821254,
 "recall": [
  0.9374122930115072,
  0.9135458721982459,
  0.9029072193629155,
  0.9727156458718204,
  0.817545823422415
 ],
 "recall_micro": 0.9086093828821254,
 "recall_macro": 0.9088253707733808,
 "recall_samples": 0.9086093828821254,
 "f1": [
  0.9382681368073601,
  0.8755754219761158,
  0.9023423924376173,
  0.9694780822887897,
  0.8574992662166129
 ],
 "f1_micro": 0.9086093828821254,
 "f1_macro": 0.9086326599452992,
 "f1_samples": 0.9086093828821254,
 "loss": 0.10330816702738695
}