{
 "cm": [
  6733,
  79,
  143,
  15,
  156,
  68,
  6534,
  222,
  27,
  332,
  232,
  339,
  6393,
  68,
  157,
  21,
  42,
  95,
  6799,
  80,
  193,
  874,
  189,
  57,
  5834
 ],
 "accuracy": 0.9050221400145732,
 "precision": [
  0.929074099627432,
  0.8304524656837824,
  0.9078386821925589,
  0.9760264140109102,
  0.8894648574477817
 ],
 "precision_micro": 0.9050221400145732,
 "precision_macro": 0.906571303792493,
 "precision_samples": 0.9050221400145732,
 "recall": [
  0.9448498456357003,
  0.9096477794793262,
  0.889275281680345,
  0.966178769361944,
  0.8162865537987967
 ],
 "recall_micro": 0.9050221400145732,
 "recall_macro": 0.9052476459912224,
 "recall_samples": 0.9050221400145732,
 "f1": [
  0.9368955680790371,
  0.8682479569463823,
  0.8984611060361183,
  0.9710776262229522,
  0.8513059973734131
 ],
 "f1_micro": 0.9050221400145732,
 "f1_macro": 0.9051976509315806,
 "f1_samples": 0.9050221400145732,
 "loss": 0.10207892168700278
}