{
 "cm": [
  6710,
  65,
  130,
  18,
  112,
  58,
  6475,
  273,
  65,
  379,
  217,
  241,
  6540,
  68,
  151,
  34,
  46,
  147,
  6757,
  48,
  246,
  879,
  251,
  66,
  5704
 ],
 "accuracy": 0.9020739910313902,
 "precision": [
  0.9236063317274604,
  0.8402543472618739,
  0.8908868001634654,
  0.9688844278749642,
  0.8920863309352518
 ],
 "precision_micro": 0.9020739910313902,
 "precision_macro": 0.903143647592603,
 "precision_samples": 0.9020739910313902,
 "recall": [
  0.9538024164889837,
  0.8931034482758621,
  0.906193709297492,
  0.9608930602957907,
  0.7982087881332214
 ],
 "recall_micro": 0.9020739910313902,
 "recall_macro": 0.90244028449827,
 "recall_samples": 0.9020739910313902,
 "f1": [
  0.9384615384615385,
  0.8658732281358652,
  0.8984750652562166,
  0.9648721976295873,
  0.8425406203840473
 ],
 "f1_micro": 0.9020739910313902,
 "f1_macro": 0.9020445299734507,
 "f1_samples": 0.9020739910313902,
 "loss": 0.2732702951995615
}