{
 "cm": [
  6808,
  52,
  101,
  8,
  66,
  40,
  6610,
  199,
  41,
  360,
  188,
  180,
  6683,
  54,
  112,
  24,
  45,
  80,
  6838,
  45,
  217,
  738,
  190,
  58,
  5943
 ],
 "accuracy": 0.9215807174887892,
 "precision": [
  0.9355503641610554,
  0.8668852459016393,
  0.9214118295877568,
  0.9769967138162595,
  0.9106650321789764
 ],
 "precision_micro": 0.9215807174887892,
 "precision_macro": 0.9223018371291374,
 "precision_samples": 0.9215807174887892,
 "recall": [
  0.9677327647476901,
  0.9117241379310345,
  0.9260080365802965,
  0.9724118316268487,
  0.8316540722082284
 ],
 "recall_micro": 0.9215807174887892,
 "recall_macro": 0.9219061686188196,
 "recall_samples": 0.9215807174887892,
 "f1": [
  0.951369480156512,
  0.8887394957983193,
  0.9237042156185211,
  0.9746988810491055,
  0.8693680514921006
 ],
 "f1_micro": 0.9215807174887892,
 "f1_macro": 0.9215760248229119,
 "f1_samples": 0.9215807174887892,
 "loss": 0.19251352946735678
}