{
 "cm": [
  6928,
  27,
  34,
  7,
  39,
  68,
  6651,
  177,
  36,
  318,
  270,
  133,
  6667,
  52,
  95,
  28,
  30,
  47,
  6894,
  33,
  245,
  695,
  158,
  48,
  6000
 ],
 "accuracy": 0.9288116591928252,
 "precision": [
  0.9189547685369412,
  0.8825636942675159,
  0.9412678243682056,
  0.9796788404149496,
  0.9252120277563608
 ],
 "precision_micro": 0.9288116591928252,
 "precision_macro": 0.9295354310687947,
 "precision_samples": 0.9288116591928252,
 "recall": [
  0.9847903340440654,
  0.9173793103448276,
  0.9237910489122905,
  0.9803754266211604,
  0.8396305625524769
 ],
 "recall_micro": 0.9288116591928252,
 "recall_macro": 0.9291933364949643,
 "recall_samples": 0.9288116591928252,
 "f1": [
  0.950734184163579,
  0.8996347896659002,
  0.9324475524475524,
  0.9800270097377213,
  0.8803462695326828
 ],
 "f1_micro": 0.9288116591928252,
 "f1_macro": 0.928637961109487,
 "f1_samples": 0.9288116591928252,
 "loss": 0.16555309733355997
}