{
 "cm": [
  6711,
  75,
  128,
  16,
  105,
  82,
  6448,
  311,
  65,
  344,
  292,
  340,
  6362,
  63,
  160,
  48,
  52,
  182,
  6657,
  93,
  328,
  1053,
  300,
  81,
  5384
 ],
 "accuracy": 0.884585201793722,
 "precision": [
  0.8994772818657016,
  0.8092369477911646,
  0.8735411231635315,
  0.9673060156931125,
  0.8846533026618468
 ],
 "precision_micro": 0.884585201793722,
 "precision_macro": 0.8868429342350714,
 "precision_samples": 0.884585201793722,
 "recall": [
  0.9539445628997868,
  0.8893793103448275,
  0.8815297214909242,
  0.9466723549488054,
  0.7534284914637559
 ],
 "recall_micro": 0.884585201793722,
 "recall_macro": 0.88499088822962,
 "recall_samples": 0.884585201793722,
 "f1": [
  0.9259105960264901,
  0.8474175318701538,
  0.8775172413793103,
  0.956877964639931,
  0.8137847642079806
 ],
 "f1_micro": 0.884585201793722,
 "f1_macro": 0.8843016196247732,
 "f1_samples": 0.884585201793722,
 "loss": 0.4066833759113257
}