{
 "cm": [
  6753,
  56,
  110,
  13,
  103,
  65,
  6623,
  251,
  45,
  266,
  193,
  199,
  6660,
  56,
  109,
  28,
  40,
  119,
  6808,
  37,
  196,
  922,
  211,
  68,
  5749
 ],
 "accuracy": 0.9134809417040358,
 "precision": [
  0.933379405666897,
  0.8447704081632653,
  0.9059991837845192,
  0.9739628040057224,
  0.9177841634738186
 ],
 "precision_micro": 0.9134809417040358,
 "precision_macro": 0.9151791930188444,
 "precision_samples": 0.9134809417040358,
 "recall": [
  0.9599147121535181,
  0.9135172413793103,
  0.9228211168075378,
  0.9681456200227532,
  0.8045060173523649
 ],
 "recall_micro": 0.9134809417040358,
 "recall_macro": 0.9137809415430969,
 "recall_samples": 0.9134809417040358,
 "f1": [
  0.9464611072179397,
  0.8777998674618953,
  0.914332784184514,
  0.9710454999286835,
  0.8574198359433258
 ],
 "f1_micro": 0.9134809417040358,
 "f1_macro": 0.9134118189472715,
 "f1_samples": 0.9134809417040358,
 "loss": 0.22886298401016997
}