{
 "cm": [
  6859,
  24,
  103,
  9,
  40,
  53,
  6629,
  245,
  28,
  295,
  157,
  107,
  6876,
  28,
  49,
  20,
  38,
  126,
  6821,
  27,
  209,
  651,
  236,
  43,
  6007
 ],
 "accuracy": 0.9302690582959642,
 "precision": [
  0.9398465332967937,
  0.8899181098133978,
  0.9064065383601371,
  0.9844133352576129,
  0.9359613586787161
 ],
 "precision_micro": 0.9302690582959642,
 "precision_macro": 0.9313091750813316,
 "precision_samples": 0.9302690582959642,
 "recall": [
  0.9749822316986496,
  0.9143448275862069,
  0.9527504503256201,
  0.9699943117178612,
  0.8406101315421215
 ],
 "recall_micro": 0.9302690582959642,
 "recall_macro": 0.9305363905740919,
 "recall_samples": 0.9302690582959642,
 "f1": [
  0.9570920253959394,
  0.9019661201442275,
  0.9290008782003648,
  0.9771506339087458,
  0.8857269242111472
 ],
 "f1_micro": 0.9302690582959642,
 "f1_macro": 0.9301873163720848,
 "f1_samples": 0.9302690582959642,
 "loss": 0.16558613135257097
}