{
 "cm": [
  6818,
  41,
  108,
  15,
  53,
  61,
  6560,
  284,
  54,
  291,
  197,
  135,
  6738,
  59,
  88,
  22,
  27,
  111,
  6842,
  30,
  245,
  820,
  246,
  81,
  5754
 ],
 "accuracy": 0.9168161434977579,
 "precision": [
  0.9285033365109628,
  0.8650929711196097,
  0.8999599305462802,
  0.9703588143525741,
  0.9256756756756757
 ],
 "precision_micro": 0.9168161434977579,
 "precision_macro": 0.9179181456410204,
 "precision_samples": 0.9168161434977579,
 "recall": [
  0.9691542288557214,
  0.9048275862068965,
  0.9336289316890675,
  0.9729806598407281,
  0.8052057094878253
 ],
 "recall_micro": 0.9168161434977579,
 "recall_macro": 0.9171594232160476,
 "recall_samples": 0.9168161434977579,
 "f1": [
  0.9483933787731256,
  0.8845142587473875,
  0.9164853101196954,
  0.9716679684726266,
  0.8612483161203413
 ],
 "f1_micro": 0.9168161434977579,
 "f1_macro": 0.9164618464466352,
 "f1_samples": 0.9168161434977579,
 "loss": 0.2253409998306674
}