{
 "cm": [
  6776,
  50,
  118,
  15,
  76,
  71,
  6565,
  287,
  51,
  276,
  237,
  216,
  6575,
  67,
  122,
  38,
  30,
  120,
  6799,
  45,
  275,
  926,
  244,
  69,
  5632
 ],
 "accuracy": 0.9065863228699551,
 "precision": [
  0.9160470460997702,
  0.8430717863105175,
  0.8952886710239651,
  0.9711469790029996,
  0.9156234758575841
 ],
 "precision_micro": 0.9065863228699551,
 "precision_macro": 0.9082355916589673,
 "precision_samples": 0.9065863228699551,
 "recall": [
  0.96318407960199,
  0.9055172413793103,
  0.9110433698212553,
  0.9668657565415245,
  0.7881332213825917
 ],
 "recall_micro": 0.9065863228699551,
 "recall_macro": 0.9069487337453344,
 "recall_samples": 0.9065863228699551,
 "f1": [
  0.9390243902439024,
  0.8731794905898783,
  0.9030973147448664,
  0.9690016389938003,
  0.8471083703090923
 ],
 "f1_micro": 0.9065863228699551,
 "f1_macro": 0.9062822409763079,
 "f1_samples": 0.9065863228699551,
 "loss": 0.2671754550236431
}