{
 "cm": [
  6717,
  84,
  125,
  16,
  93,
  60,
  6402,
  314,
  62,
  412,
  253,
  269,
  6466,
  69,
  160,
  40,
  52,
  143,
  6735,
  62,
  288,
  915,
  262,
  76,
  5605
 ],
 "accuracy": 0.8947589686098655,
 "precision": [
  0.9128839358521337,
  0.8290598290598291,
  0.8845417236662106,
  0.9679505605058925,
  0.88518635502211
 ],
 "precision_micro": 0.8947589686098655,
 "precision_macro": 0.895924480821235,
 "precision_samples": 0.8947589686098655,
 "recall": [
  0.9547974413646055,
  0.8830344827586207,
  0.8959401413329638,
  0.9577645051194539,
  0.7843548838511055
 ],
 "recall_micro": 0.8947589686098655,
 "recall_macro": 0.8951782908853498,
 "recall_samples": 0.8947589686098655,
 "f1": [
  0.9333703883832418,
  0.855196366550895,
  0.8902044468919942,
  0.9628305932809149,
  0.8317257753375872
 ],
 "f1_micro": 0.8947589686098655,
 "f1_macro": 0.8946655140889266,
 "f1_samples": 0.8947589686098655,
 "loss": 0.35643995888419167
}