{
 "cm": [
  6893,
  29,
  70,
  10,
  33,
  65,
  6677,
  252,
  35,
  221,
  211,
  120,
  6764,
  52,
  70,
  27,
  36,
  95,
  6845,
  29,
  246,
  803,
  220,
  45,
  5832
 ],
 "accuracy": 0.9251961883408072,
 "precision": [
  0.9262295081967213,
  0.871102413568167,
  0.9139305499256857,
  0.9796765421497066,
  0.9429264349232013
 ],
 "precision_micro": 0.9251961883408072,
 "precision_macro": 0.9267730897526963,
 "precision_samples": 0.9251961883408072,
 "recall": [
  0.9798152096659559,
  0.9209655172413793,
  0.9372315366495774,
  0.9734072810011376,
  0.8161209068010076
 ],
 "recall_micro": 0.9251961883408072,
 "recall_macro": 0.9255080902718115,
 "recall_samples": 0.9251961883408072,
 "f1": [
  0.9522691165296677,
  0.8953402614817298,
  0.9254343959501984,
  0.9765318496326414,
  0.8749531167954392
 ],
 "f1_micro": 0.9251961883408072,
 "f1_macro": 0.9249057480779352,
 "f1_samples": 0.9251961883408072,
 "loss": 0.19171185005519248
}