{
 "cm": [
  6932,
  83,
  142,
  3,
  73,
  110,
  6341,
  387,
  54,
  262,
  343,
  316,
  6214,
  56,
  76,
  86,
  81,
  172,
  6880,
  53,
  342,
  1042,
  376,
  86,
  5172
 ],
 "accuracy": 0.8838910374978981,
 "precision": [
  0.8872392166901318,
  0.8064352028487854,
  0.8522836373611301,
  0.9718886848424919,
  0.9176721078779276
 ],
 "precision_micro": 0.8838910374978981,
 "precision_macro": 0.8871037699240935,
 "precision_samples": 0.8838910374978981,
 "recall": [
  0.9583851790405088,
  0.886357282639083,
  0.8870806566738044,
  0.9460946094609461,
  0.7369620974636648
 ],
 "recall_micro": 0.8838910374978981,
 "recall_macro": 0.8829759650556014,
 "recall_samples": 0.8838910374978981,
 "f1": [
  0.9214409145287784,
  0.8445095558367184,
  0.8693340794627868,
  0.9588182008222423,
  0.8174490279753438
 ],
 "f1_micro": 0.8838910374978981,
 "f1_macro": 0.8823103557251739,
 "f1_samples": 0.8838910374978981,
 "loss": 0.43912725761855675
}