{
 "cm": [
  6702,
  109,
  277,
  13,
  132,
  89,
  6406,
  502,
  53,
  104,
  298,
  383,
  6193,
  40,
  91,
  68,
  135,
  306,
  6709,
  54,
  301,
  1317,
  428,
  99,
  4873
 ],
 "accuracy": 0.8655064178016927,
 "precision": [
  0.8986323411102172,
  0.767185628742515,
  0.8036594861147158,
  0.9703500144634076,
  0.927483821850019
 ],
 "precision_micro": 0.8655064178016927,
 "precision_macro": 0.8734622584561749,
 "precision_samples": 0.8655064178016927,
 "recall": [
  0.9265864786395687,
  0.8954431087503495,
  0.8840827980014275,
  0.9225797579757976,
  0.6943573667711599
 ],
 "recall_micro": 0.8655064178016927,
 "recall_macro": 0.8646099020276606,
 "recall_samples": 0.8655064178016927,
 "f1": [
  0.9123953440882173,
  0.8263673890608875,
  0.8419549996601183,
  0.9458621175807134,
  0.7941655801825294
 ],
 "f1_micro": 0.8655064178016927,
 "f1_macro": 0.864149086114493,
 "f1_samples": 0.8655064178016927,
 "loss": 0.5267429634951382
}