{
 "cm": [
  6865,
  98,
  114,
  21,
  71,
  48,
  6614,
  149,
  42,
  269,
  229,
  345,
  6281,
  76,
  108,
  21,
  46,
  99,
  7033,
  41,
  211,
  910,
  221,
  77,
  5693
 ],
 "accuracy": 0.9104310296508044,
 "precision": [
  0.9309736913479794,
  0.8254087108448771,
  0.9150641025641025,
  0.9702027865912539,
  0.9208993853121967
 ],
 "precision_micro": 0.9104310296508044,
 "precision_macro": 0.9125097353320818,
 "precision_samples": 0.9104310296508044,
 "recall": [
  0.9575952015622821,
  0.9286717214265656,
  0.8923142491831226,
  0.9714088397790055,
  0.8004780652418447
 ],
 "recall_micro": 0.9104310296508044,
 "recall_macro": 0.9100936154385642,
 "recall_samples": 0.9104310296508044,
 "f1": [
  0.944096816337757,
  0.874000660720185,
  0.903545997266777,
  0.9708054386085996,
  0.8564766059876636
 ],
 "f1_micro": 0.9104310296508044,
 "f1_macro": 0.9097851037841964,
 "f1_samples": 0.9104310296508044,
 "loss": 0.11224094255568087
}