{
 "cm": [
  6890,
  41,
  181,
  18,
  39,
  90,
  6255,
  364,
  41,
  372,
  247,
  176,
  6490,
  62,
  64,
  53,
  22,
  112,
  7001,
  52,
  249,
  784,
  336,
  67,
  5676
 ],
 "accuracy": 0.9055546213777255,
 "precision": [
  0.9151281710718555,
  0.859439406430338,
  0.8672992115461713,
  0.9738489358742524,
  0.9150411091407383
 ],
 "precision_micro": 0.9055546213777255,
 "precision_macro": 0.906151366812671,
 "precision_samples": 0.9055546213777255,
 "recall": [
  0.9610824382759102,
  0.8782645324347094,
  0.9220059667566416,
  0.9669889502762431,
  0.7980877390326209
 ],
 "recall_micro": 0.9055546213777255,
 "recall_macro": 0.9052859253552251,
 "recall_samples": 0.9055546213777255,
 "f1": [
  0.9375425227922166,
  0.86875,
  0.8938162787494836,
  0.9704068195994179,
  0.85257228689448
 ],
 "f1_micro": 0.9055546213777255,
 "f1_macro": 0.9046175816071196,
 "f1_samples": 0.9055546213777255,
 "loss": 0.11204943040059641
}