{
 "cm": [
  6780,
  62,
  142,
  39,
  146,
  67,
  6233,
  234,
  63,
  525,
  238,
  270,
  6283,
  69,
  179,
  21,
  33,
  113,
  7013,
  60,
  160,
  747,
  230,
  101,
  5874
 ],
 "accuracy": 0.9019393531752704,
 "precision": [
  0.9331131296449215,
  0.8486044928522805,
  0.8973150528420452,
  0.9626630061770762,
  0.8658608490566038
 ],
 "precision_micro": 0.9019393531752704,
 "precision_macro": 0.9015113061145854,
 "precision_samples": 0.9019393531752704,
 "recall": [
  0.9457385967359464,
  0.8751755124964897,
  0.8925983804517688,
  0.968646408839779,
  0.8259280089988752
 ],
 "recall_micro": 0.9019393531752704,
 "recall_macro": 0.9016173815045718,
 "recall_samples": 0.9019393531752704,
 "f1": [
  0.9393834430204364,
  0.8616852146263911,
  0.8949505021009899,
  0.9656454388984509,
  0.8454231433506045
 ],
 "f1_micro": 0.9019393531752704,
 "f1_macro": 0.9014175483993746,
 "f1_samples": 0.9019393531752704,
 "loss": 0.12568728580931052
}