{
 "cm": [
  6859,
  49,
  186,
  17,
  58,
  57,
  6161,
  353,
  30,
  521,
  178,
  160,
  6599,
  33,
  69,
  26,
  32,
  173,
  6964,
  45,
  182,
  628,
  346,
  49,
  5907
 ],
 "accuracy": 0.9105431309904153,
 "precision": [
  0.9393316899479595,
  0.8763869132290185,
  0.8618257803317226,
  0.9818130551247709,
  0.895
 ],
 "precision_micro": 0.9105431309904153,
 "precision_macro": 0.9108714877266942,
 "precision_samples": 0.9105431309904153,
 "recall": [
  0.9567582647510113,
  0.8650659926986801,
  0.9374911208978548,
  0.961878453038674,
  0.8305680539932508
 ],
 "recall_micro": 0.9105431309904153,
 "recall_macro": 0.9103523770758942,
 "recall_samples": 0.9105431309904153,
 "f1": [
  0.9479648953078571,
  0.8706896551724138,
  0.8980675013609145,
  0.9717435289192772,
  0.8615810968494749
 ],
 "f1_micro": 0.9105431309904153,
 "f1_macro": 0.9100093355219876,
 "f1_samples": 0.9105431309904153,
 "loss": 0.0984090214218782
}