{
 "cm": [
  6859,
  103,
  74,
  18,
  179,
  160,
  6276,
  396,
  89,
  233,
  741,
  763,
  5171,
  89,
  241,
  146,
  244,
  194,
  6528,
  160,
  623,
  1429,
  274,
  125,
  4567
 ],
 "accuracy": 0.8239728714758141,
 "precision": [
  0.8041974440145386,
  0.7119682359614293,
  0.846456048453102,
  0.953131844064827,
  0.8488847583643123
 ],
 "precision_micro": 0.8239728714758141,
 "precision_macro": 0.8329276661716418,
 "precision_samples": 0.8239728714758141,
 "recall": [
  0.9482925480436887,
  0.8772714565278166,
  0.7381870092790863,
  0.8976897689768977,
  0.6507552009119407
 ],
 "recall_micro": 0.8239728714758141,
 "recall_macro": 0.822439196747886,
 "recall_samples": 0.8239728714758141,
 "f1": [
  0.8703210252506027,
  0.7860229194063498,
  0.7886228458136343,
  0.9245804121521138,
  0.7367317309243426
 ],
 "f1_micro": 0.8239728714758141,
 "f1_macro": 0.8212557867094088,
 "f1_samples": 0.8239728714758141,
 "loss": 0.6259959021813153
}