{
 "cm": [
  6960,
  39,
  111,
  21,
  38,
  105,
  6033,
  223,
  65,
  696,
  277,
  218,
  6312,
  89,
  143,
  45,
  24,
  89,
  7024,
  58,
  259,
  574,
  242,
  98,
  5939
 ],
 "accuracy": 0.9043215066420044,
 "precision": [
  0.910279884907141,
  0.8758710801393729,
  0.9046868281496345,
  0.9625873646704125,
  0.8639802153040442
 ],
 "precision_micro": 0.9043215066420044,
 "precision_macro": 0.9034810746341211,
 "precision_samples": 0.9043215066420044,
 "recall": [
  0.9708467010740689,
  0.8470935130581297,
  0.8967182838471374,
  0.9701657458563536,
  0.8350674915635545
 ],
 "recall_micro": 0.9043215066420044,
 "recall_macro": 0.9039783470798488,
 "recall_samples": 0.9043215066420044,
 "f1": [
  0.9395882551468107,
  0.8612419700214132,
  0.9006849315068494,
  0.9663616977368095,
  0.8492778492778493
 ],
 "f1_micro": 0.9043215066420044,
 "f1_macro": 0.9034309407379466,
 "f1_samples": 0.9043215066420044,
 "loss": 0.11216401548690824
}