{
 "cm": [
  6922,
  45,
  110,
  29,
  63,
  99,
  6264,
  305,
  55,
  399,
  354,
  274,
  6229,
  49,
  133,
  47,
  38,
  173,
  6920,
  62,
  279,
  891,
  274,
  92,
  5576
 ],
 "accuracy": 0.8943164620817219,
 "precision": [
  0.8988443059342942,
  0.8338658146964856,
  0.8784374559300522,
  0.9685094471658502,
  0.8945932937590245
 ],
 "precision_micro": 0.8943164620817219,
 "precision_macro": 0.8948500634971414,
 "precision_samples": 0.8943164620817219,
 "recall": [
  0.9655461012693541,
  0.8795282224094355,
  0.8849268361983236,
  0.9558011049723757,
  0.7840269966254219
 ],
 "recall_micro": 0.8943164620817219,
 "recall_macro": 0.8939658522949822,
 "recall_samples": 0.8943164620817219,
 "f1": [
  0.9310020174848689,
  0.8560885608856088,
  0.8816702052370842,
  0.962113312478276,
  0.8356687898089172
 ],
 "f1_micro": 0.8943164620817219,
 "f1_macro": 0.8933085771789511,
 "f1_samples": 0.8943164620817219,
 "loss": 0.3228484193681072
}