{
 "cm": [
  6779,
  109,
  156,
  14,
  111,
  44,
  6471,
  290,
  36,
  281,
  223,
  258,
  6379,
  58,
  121,
  39,
  58,
  118,
  6960,
  65,
  194,
  918,
  295,
  48,
  5657
 ],
 "accuracy": 0.9037049492741438,
 "precision": [
  0.9313092457755187,
  0.8281289992321474,
  0.8813208068527217,
  0.9780775716694773,
  0.9072975140336809
 ],
 "precision_micro": 0.9037049492741438,
 "precision_macro": 0.9052268275127092,
 "precision_samples": 0.9037049492741438,
 "recall": [
  0.9455991072674013,
  0.9085930918281382,
  0.9062366813467823,
  0.9613259668508287,
  0.7954161979752531
 ],
 "recall_micro": 0.9037049492741438,
 "recall_macro": 0.9034342090536807,
 "recall_samples": 0.9037049492741438,
 "f1": [
  0.9383997785160576,
  0.8664970540974826,
  0.8936050991104574,
  0.9696294232376707,
  0.8476811268449839
 ],
 "f1_micro": 0.9037049492741438,
 "f1_macro": 0.9031624963613304,
 "f1_samples": 0.9037049492741438,
 "loss": 0.12654216791619796
}