{
 "cm": [
  6914,
  58,
  129,
  21,
  47,
  73,
  6220,
  513,
  62,
  254,
  276,
  162,
  6446,
  84,
  71,
  42,
  37,
  110,
  7017,
  34,
  241,
  924,
  376,
  91,
  5480
 ],
 "accuracy": 0.8989686676755787,
 "precision": [
  0.9162470182878346,
  0.8404269693284692,
  0.851069448111962,
  0.9645360824742268,
  0.9310227658851512
 ],
 "precision_micro": 0.8989686676755787,
 "precision_macro": 0.9006604568175287,
 "precision_samples": 0.8989686676755787,
 "recall": [
  0.9644301855209931,
  0.8733501825329963,
  0.915755078846427,
  0.9691988950276244,
  0.7705286839145107
 ],
 "recall_micro": 0.8989686676755787,
 "recall_macro": 0.8986526051685104,
 "recall_samples": 0.8989686676755787,
 "f1": [
  0.9397213727488957,
  0.8565723335399023,
  0.8822281530144392,
  0.9668618670341027,
  0.8432066471764887
 ],
 "f1_micro": 0.8989686676755787,
 "f1_macro": 0.8977180747027658,
 "f1_samples": 0.8989686676755787,
 "loss": 0.31302899074497065
}