{
 "cm": [
  6570,
  107,
  239,
  92,
  161,
  33,
  6363,
  309,
  71,
  346,
  148,
  194,
  6474,
  77,
  146,
  11,
  26,
  106,
  7045,
  52,
  125,
  801,
  271,
  110,
  5805
 ],
 "accuracy": 0.9040132279580742,
 "precision": [
  0.9539712501815014,
  0.8494193031637965,
  0.8749831058251115,
  0.9526707234617985,
  0.8917050691244239
 ],
 "precision_micro": 0.9040132279580742,
 "precision_macro": 0.9045498903513263,
 "precision_samples": 0.9040132279580742,
 "recall": [
  0.9164458083414703,
  0.8934288121314238,
  0.9197329166074727,
  0.9730662983425414,
  0.8162260967379078
 ],
 "recall_micro": 0.9040132279580742,
 "recall_macro": 0.9037799864321633,
 "recall_samples": 0.9040132279580742,
 "f1": [
  0.9348321001707456,
  0.870868404845001,
  0.896800110818673,
  0.9627605056371712,
  0.8522977536338276
 ],
 "f1_micro": 0.9040132279580742,
 "f1_macro": 0.9035117750210837,
 "f1_samples": 0.9040132279580742,
 "loss": 0.11229343414022264
}