{
 "cm": [
  6777,
  81,
  179,
  17,
  115,
  43,
  6249,
  415,
  44,
  371,
  205,
  139,
  6546,
  59,
  90,
  23,
  29,
  109,
  7031,
  48,
  169,
  722,
  368,
  81,
  5772
 ],
 "accuracy": 0.9073202174765989,
 "precision": [
  0.9390328391298324,
  0.8655124653739612,
  0.8593934619929106,
  0.9722068584070797,
  0.9024390243902439
 ],
 "precision_micro": 0.9073202174765989,
 "precision_macro": 0.9077169298588055,
 "precision_samples": 0.9073202174765989,
 "recall": [
  0.9453201283303111,
  0.8774220724515586,
  0.9299616422787328,
  0.9711325966850829,
  0.811586051743532
 ],
 "recall_micro": 0.9073202174765989,
 "recall_macro": 0.9070844982978435,
 "recall_samples": 0.9073202174765989,
 "f1": [
  0.9421659947170861,
  0.8714265792776461,
  0.8932860262008734,
  0.9716694306246545,
  0.8546046787089132
 ],
 "f1_micro": 0.9073202174765989,
 "f1_macro": 0.9066305419058345,
 "f1_samples": 0.9073202174765989,
 "loss": 0.09785788657754065
}