{
 "cm": [
  6857,
  62,
  195,
  14,
  41,
  58,
  6378,
  355,
  48,
  283,
  216,
  223,
  6463,
  51,
  86,
  37,
  46,
  138,
  6989,
  30,
  240,
  909,
  322,
  84,
  5557
 ],
 "accuracy": 0.9036488986043383,
 "precision": [
  0.9256209503239741,
  0.8372276187975847,
  0.8648467817476247,
  0.9725855830782076,
  0.9266299816574954
 ],
 "precision_micro": 0.9036488986043383,
 "precision_macro": 0.9053821831209774,
 "precision_samples": 0.9036488986043383,
 "recall": [
  0.956479285813921,
  0.8955349620893007,
  0.918170194629919,
  0.9653314917127072,
  0.781355455568054
 ],
 "recall_micro": 0.9036488986043383,
 "recall_macro": 0.9033742779627805,
 "recall_samples": 0.9036488986043383,
 "f1": [
  0.9407971461892022,
  0.8654002713704206,
  0.8907111356119074,
  0.9689449604880077,
  0.8478144786024868
 ],
 "f1_micro": 0.9036488986043383,
 "f1_macro": 0.9027335984524051,
 "f1_samples": 0.9036488986043383,
 "loss": 0.12646425013623327
}