{
 "cm": [
  6829,
  62,
  115,
  15,
  148,
  61,
  6426,
  240,
  22,
  373,
  242,
  222,
  6408,
  21,
  146,
  27,
  37,
  170,
  6902,
  104,
  151,
  743,
  224,
  42,
  5952
 ],
 "accuracy": 0.9112998150327897,
 "precision": [
  0.9341997264021887,
  0.8579439252336448,
  0.895347212519212,
  0.9857183661810911,
  0.8853190539937528
 ],
 "precision_micro": 0.9112998150327897,
 "precision_macro": 0.9117056568659778,
 "precision_samples": 0.9112998150327897,
 "recall": [
  0.9525735806946576,
  0.9022746419545071,
  0.9103565847421509,
  0.9533149171270718,
  0.8368953880764904
 ],
 "recall_micro": 0.9112998150327897,
 "recall_macro": 0.9110830225189754,
 "recall_samples": 0.9112998150327897,
 "f1": [
  0.9432971890323918,
  0.8795510539282781,
  0.9027895181741336,
  0.9692458924308384,
  0.8604264546440188
 ],
 "f1_micro": 0.9112998150327897,
 "f1_macro": 0.9110620216419321,
 "f1_samples": 0.9112998150327897,
 "loss": 0.09763791929568273
}