{
 "cm": [
  6823,
  93,
  169,
  16,
  68,
  56,
  6454,
  348,
  36,
  228,
  271,
  277,
  6311,
  64,
  116,
  42,
  45,
  125,
  6939,
  89,
  232,
  1076,
  312,
  71,
  5421
 ],
 "accuracy": 0.8953533994731238,
 "precision": [
  0.9190463362068966,
  0.8123348017621146,
  0.8686854783207157,
  0.9737580690429414,
  0.9154002026342452
 ],
 "precision_micro": 0.8953533994731238,
 "precision_macro": 0.8978449775933827,
 "precision_samples": 0.8953533994731238,
 "recall": [
  0.9517366438833869,
  0.9062061218758776,
  0.8965762182128143,
  0.9584254143646409,
  0.7622328458942632
 ],
 "recall_micro": 0.8953533994731238,
 "recall_macro": 0.8950354488461967,
 "recall_samples": 0.8953533994731238,
 "f1": [
  0.9351058726786815,
  0.8567067100285392,
  0.882410514541387,
  0.9660309063065572,
  0.831824459106951
 ],
 "f1_micro": 0.8953533994731238,
 "f1_macro": 0.8944156925324233,
 "f1_samples": 0.8953533994731238,
 "loss": 0.3206357243011379
}