{
 "cm": [
  6739,
  70,
  277,
  46,
  101,
  94,
  6081,
  590,
  165,
  224,
  294,
  208,
  6231,
  150,
  122,
  43,
  41,
  127,
  7024,
  37,
  293,
  1050,
  361,
  214,
  5100
 ],
 "accuracy": 0.8736898155932964,
 "precision": [
  0.9029880745008709,
  0.8162416107382551,
  0.8213814922225151,
  0.9243321489669694,
  0.913323782234957
 ],
 "precision_micro": 0.8736898155932964,
 "precision_macro": 0.8756534217327134,
 "precision_samples": 0.8736898155932964,
 "recall": [
  0.931701921747546,
  0.8500139781940174,
  0.889507494646681,
  0.9658965896589659,
  0.7267027643203192
 ],
 "recall_micro": 0.8736898155932964,
 "recall_macro": 0.8727645497135059,
 "recall_samples": 0.8736898155932964,
 "f1": [
  0.9171203048448557,
  0.8327855382087099,
  0.8540881365225139,
  0.9446573868603322,
  0.8093953340739565
 ],
 "f1_micro": 0.8736898155932964,
 "f1_macro": 0.8716093401020737,
 "f1_samples": 0.8736898155932964,
 "loss": 0.4719261369584243
}