{
 "cm": [
  6833,
  72,
  174,
  21,
  69,
  52,
  6546,
  252,
  45,
  227,
  221,
  281,
  6376,
  57,
  104,
  27,
  34,
  116,
  6985,
  78,
  198,
  989,
  305,
  65,
  5555
 ],
 "accuracy": 0.9050781906843787,
 "precision": [
  0.9320692947756104,
  0.8263064882605403,
  0.8827357053855739,
  0.9737906036525861,
  0.9207691032653738
 ],
 "precision_micro": 0.9050781906843787,
 "precision_macro": 0.9071342390679369,
 "precision_samples": 0.9050781906843787,
 "recall": [
  0.953131538568838,
  0.9191238416175231,
  0.9058104844438131,
  0.9647790055248618,
  0.78107424071991
 ],
 "recall_micro": 0.9050781906843787,
 "recall_macro": 0.9047838221749892,
 "recall_samples": 0.9050781906843787,
 "f1": [
  0.9424827586206896,
  0.8702472746609944,
  0.894124246248773,
  0.969263859016166,
  0.8451882845188284
 ],
 "f1_micro": 0.9050781906843787,
 "f1_macro": 0.9042612846130902,
 "f1_samples": 0.9050781906843787,
 "loss": 0.12670114953989478
}