{
 "cm": [
  6939,
  56,
  93,
  20,
  61,
  75,
  6544,
  173,
  43,
  287,
  317,
  316,
  6152,
  50,
  204,
  42,
  35,
  152,
  6946,
  65,
  275,
  981,
  192,
  60,
  5604
 ],
 "accuracy": 0.9019954038450759,
 "precision": [
  0.9072960251046025,
  0.8250126071608673,
  0.9097900029577048,
  0.9756988341059137,
  0.9008198038900498
 ],
 "precision_micro": 0.9019954038450759,
 "precision_macro": 0.9037234546438275,
 "precision_samples": 0.9019954038450759,
 "recall": [
  0.9679174222346213,
  0.9188430216231396,
  0.8739877823554482,
  0.9593922651933702,
  0.7879640044994376
 ],
 "recall_micro": 0.9019954038450759,
 "recall_macro": 0.9016208991812034,
 "recall_samples": 0.9019954038450759,
 "f1": [
  0.9366268475399878,
  0.8694034808024446,
  0.8915295993043982,
  0.9674768437913503,
  0.8406210155253881
 ],
 "f1_micro": 0.9019954038450759,
 "f1_macro": 0.9011315573927139,
 "f1_samples": 0.9019954038450759,
 "loss": 0.3069801593032863
}