{
 "cm": [
  6825,
  37,
  137,
  23,
  147,
  66,
  6255,
  202,
  45,
  554,
  208,
  213,
  6379,
  54,
  185,
  21,
  16,
  93,
  7028,
  82,
  146,
  616,
  192,
  81,
  6077
 ],
 "accuracy": 0.912617005773219,
 "precision": [
  0.9393063583815029,
  0.8764186633039092,
  0.9108953305726117,
  0.9719264278799613,
  0.862597586941093
 ],
 "precision_micro": 0.912617005773219,
 "precision_macro": 0.9122288734158157,
 "precision_samples": 0.912617005773219,
 "recall": [
  0.952015622820477,
  0.8782645324347094,
  0.9062366813467823,
  0.9707182320441989,
  0.8544713160854893
 ],
 "recall_micro": 0.912617005773219,
 "recall_macro": 0.9123412769463315,
 "recall_samples": 0.912617005773219,
 "f1": [
  0.9456182888811916,
  0.8773406269724384,
  0.9085600341831648,
  0.9713219542533342,
  0.8585152221515858
 ],
 "f1_micro": 0.912617005773219,
 "f1_macro": 0.9122712252883429,
 "f1_samples": 0.912617005773219,
 "loss": 0.09805662148362683
}