{
 "cm": [
  165664,
  2204,
  6073,
  830,
  3725,
  2672,
  156987,
  8987,
  1617,
  8639,
  6690,
  10385,
  155072,
  2628,
  3659,
  994,
  1768,
  3592,
  170801,
  1248,
  6441,
  24349,
  8706,
  2715,
  135592
 ],
 "accuracy": 0.8790163647736979,
 "precision": [
  0.9079419711609604,
  0.8022106053870093,
  0.8500356301046977,
  0.956380780666439,
  0.8870164788078214
 ],
 "precision_micro": 0.8790163647736979,
 "precision_macro": 0.8807170932253856,
 "precision_samples": 0.8790163647736979,
 "recall": [
  0.9281104338472571,
  0.8775027668779555,
  0.8690720378403219,
  0.9573886089359483,
  0.7625968065780667
 ],
 "recall_micro": 0.8790163647736979,
 "recall_macro": 0.8789341308159099,
 "recall_samples": 0.8790163647736979,
 "f1": [
  0.9179154303698225,
  0.8381692227605815,
  0.8594484348674293,
  0.9568844294301865,
  0.8201145566825739
 ],
 "f1_micro": 0.8790163647736979,
 "f1_macro": 0.8785064148221187,
 "f1_samples": 0.8790163647736979
}