{
 "cm": [
  6707,
  63,
  188,
  32,
  97,
  79,
  6395,
  437,
  60,
  191,
  275,
  261,
  6440,
  74,
  124,
  40,
  48,
  127,
  6923,
  42,
  304,
  1037,
  332,
  105,
  5299
 ],
 "accuracy": 0.8902466367713004,
 "precision": [
  0.9057393652937205,
  0.8194515633008713,
  0.8559276980329612,
  0.9623297192104532,
  0.9210846514861811
 ],
 "precision_micro": 0.8902466367713004,
 "precision_macro": 0.8929065994648374,
 "precision_samples": 0.8902466367713004,
 "recall": [
  0.9463806970509383,
  0.892907009215303,
  0.8976860886534709,
  0.9642061281337048,
  0.7487636003956478
 ],
 "recall_micro": 0.8902466367713004,
 "recall_macro": 0.889988704689813,
 "recall_samples": 0.8902466367713004,
 "f1": [
  0.9256141319348606,
  0.8546037685420286,
  0.8763097020002721,
  0.9632670098789481,
  0.8260327357755262
 ],
 "f1_micro": 0.8902466367713004,
 "f1_macro": 0.889165469626327,
 "f1_samples": 0.8902466367713004,
 "loss": 0.3620236437934725
}