{
 "cm": [
  6676,
  94,
  188,
  49,
  80,
  79,
  6381,
  427,
  120,
  155,
  283,
  355,
  6284,
  138,
  114,
  44,
  50,
  112,
  6949,
  25,
  324,
  1119,
  354,
  158,
  5122
 ],
 "accuracy": 0.8803811659192825,
 "precision": [
  0.9014312719416689,
  0.7977247155894487,
  0.853224711473184,
  0.9372808200701376,
  0.9319505094614265
 ],
 "precision_micro": 0.8803811659192825,
 "precision_macro": 0.8843224057071731,
 "precision_samples": 0.8803811659192825,
 "recall": [
  0.9420064907577255,
  0.8909522479754258,
  0.8759408976860886,
  0.9678272980501392,
  0.7237530026847534
 ],
 "recall_micro": 0.8803811659192825,
 "recall_macro": 0.8800959874308264,
 "recall_samples": 0.8803811659192825,
 "f1": [
  0.9212723383702477,
  0.8417650550755227,
  0.8644335924066304,
  0.9523091681512951,
  0.8147617911397439
 ],
 "f1_micro": 0.8803811659192825,
 "f1_macro": 0.8789083890286881,
 "f1_samples": 0.8803811659192825,
 "loss": 0.39409391709927716
}