{
 "cm": [
  6802,
  81,
  133,
  7,
  46,
  47,
  6613,
  257,
  43,
  265,
  179,
  168,
  6653,
  58,
  65,
  30,
  35,
  110,
  7010,
  35,
  189,
  814,
  249,
  62,
  5729
 ],
 "accuracy": 0.9194786995515695,
 "precision": [
  0.9385952808058508,
  0.857606017377772,
  0.8988111321264524,
  0.9763231197771588,
  0.9330618892508143
 ],
 "precision_micro": 0.9194786995515695,
 "precision_macro": 0.9208794878676096,
 "precision_samples": 0.9194786995515695,
 "recall": [
  0.962229452539256,
  0.9152941176470588,
  0.934016566053629,
  0.9709141274238227,
  0.8134317762317195
 ],
 "recall_micro": 0.9194786995515695,
 "recall_macro": 0.9191772079790972,
 "recall_samples": 0.9194786995515695,
 "f1": [
  0.9502654372729813,
  0.8855115158007498,
  0.9160757314974183,
  0.9736111111111111,
  0.8691496624440568
 ],
 "f1_micro": 0.9194786995515695,
 "f1_macro": 0.9189226916252634,
 "f1_samples": 0.9194786995515695,
 "loss": 0.24390603195507768
}