{
 "cm": [
  6667,
  81,
  146,
  28,
  165,
  74,
  6271,
  369,
  79,
  369,
  260,
  242,
  6416,
  91,
  165,
  30,
  39,
  90,
  6956,
  65,
  225,
  818,
  298,
  91,
  5645
 ],
 "accuracy": 0.8955997757847534,
 "precision": [
  0.9188257993384785,
  0.8416319957052745,
  0.8766224894111218,
  0.9601104209799862,
  0.8807926353565299
 ],
 "precision_micro": 0.8955997757847534,
 "precision_macro": 0.8955966681582781,
 "precision_samples": 0.8955997757847534,
 "recall": [
  0.9407365598984055,
  0.8755934096621055,
  0.894340674658489,
  0.9688022284122563,
  0.7976543733220292
 ],
 "recall_micro": 0.8955997757847534,
 "recall_macro": 0.8954254491906571,
 "recall_samples": 0.8955997757847534,
 "f1": [
  0.9296520950986544,
  0.8582768767535756,
  0.8853929483198786,
  0.9644367417677643,
  0.8371644668545158
 ],
 "f1_micro": 0.8955997757847534,
 "f1_macro": 0.8949846257588778,
 "f1_samples": 0.8955997757847534,
 "loss": 0.287761111040152
}