{
 "cm": [
  6844,
  52,
  119,
  12,
  42,
  60,
  6644,
  198,
  40,
  283,
  190,
  213,
  6578,
  64,
  78,
  31,
  20,
  71,
  7057,
  41,
  196,
  759,
  206,
  77,
  5805
 ],
 "accuracy": 0.9228699551569507,
 "precision": [
  0.9348449665346265,
  0.86420395421436,
  0.9171779141104295,
  0.9733793103448276,
  0.928948631781085
 ],
 "precision_micro": 0.9228699551569507,
 "precision_macro": 0.9237109553970658,
 "precision_samples": 0.9228699551569507,
 "recall": [
  0.9681708869712831,
  0.9195847750865052,
  0.9234872946792082,
  0.9774238227146814,
  0.8242226324009655
 ],
 "recall_micro": 0.9228699551569507,
 "recall_macro": 0.9225778823705285,
 "recall_samples": 0.9228699551569507,
 "f1": [
  0.9512161223071578,
  0.8910346677395561,
  0.9203217908359567,
  0.9753973738769869,
  0.8734577189286789
 ],
 "f1_micro": 0.9228699551569507,
 "f1_macro": 0.9222855347376673,
 "f1_samples": 0.9228699551569507,
 "loss": 0.24189553578321552
}