{
 "cm": [
  6717,
  62,
  197,
  14,
  97,
  73,
  6324,
  424,
  51,
  290,
  219,
  188,
  6605,
  51,
  111,
  39,
  30,
  148,
  6924,
  39,
  247,
  806,
  357,
  77,
  5590
 ],
 "accuracy": 0.9013452914798207,
 "precision": [
  0.9207676490747086,
  0.8534412955465587,
  0.854352606389859,
  0.9728818322326823,
  0.9123551493389913
 ],
 "precision_micro": 0.9013452914798207,
 "precision_macro": 0.9027597065165599,
 "precision_samples": 0.9013452914798207,
 "recall": [
  0.9477917313390716,
  0.8829935772130689,
  0.9206858098689713,
  0.9643454038997215,
  0.7898827186661015
 ],
 "recall_micro": 0.9013452914798207,
 "recall_macro": 0.9011398481973869,
 "recall_samples": 0.9013452914798207,
 "f1": [
  0.934084272006675,
  0.8679659621191326,
  0.8862797718886279,
  0.968594810100021,
  0.8467131172372009
 ],
 "f1_micro": 0.9013452914798207,
 "f1_macro": 0.9007275866703315,
 "f1_samples": 0.9013452914798207,
 "loss": 0.2833333763576353
}