{
 "cm": [
  6864,
  34,
  102,
  10,
  59,
  71,
  6507,
  221,
  53,
  373,
  173,
  134,
  6673,
  56,
  87,
  26,
  20,
  87,
  7054,
  33,
  187,
  591,
  226,
  73,
  5966
 ],
 "accuracy": 0.9266816143497758,
 "precision": [
  0.937576833765879,
  0.8930826242108153,
  0.9129839923382131,
  0.9735026221363511,
  0.9153114452285978
 ],
 "precision_micro": 0.9266816143497758,
 "precision_macro": 0.9264915035359712,
 "precision_samples": 0.9266816143497758,
 "recall": [
  0.9710001414627246,
  0.9006228373702422,
  0.9368243717534747,
  0.9770083102493075,
  0.8470822092858157
 ],
 "recall_micro": 0.9266816143497758,
 "recall_macro": 0.9265075740243128,
 "recall_samples": 0.9266816143497758,
 "f1": [
  0.953995830437804,
  0.8968368823651023,
  0.9247505543237251,
  0.9752523157749206,
  0.8798761153307278
 ],
 "f1_micro": 0.9266816143497758,
 "f1_macro": 0.926142339646456,
 "f1_samples": 0.9266816143497758,
 "loss": 0.2117351994124142
}