{
 "cm": [
  6863,
  38,
  89,
  5,
  74,
  64,
  6625,
  232,
  36,
  268,
  205,
  158,
  6601,
  54,
  105,
  33,
  22,
  80,
  7032,
  53,
  173,
  723,
  197,
  62,
  5888
 ],
 "accuracy": 0.925140134529148,
 "precision": [
  0.9352684655219405,
  0.8756278086174993,
  0.9169329073482428,
  0.9781610794269022,
  0.9217282404508453
 ],
 "precision_micro": 0.925140134529148,
 "precision_macro": 0.9255437002730862,
 "precision_samples": 0.925140134529148,
 "recall": [
  0.9708586787381525,
  0.916955017301038,
  0.9267162712340306,
  0.9739612188365651,
  0.836007383217379
 ],
 "recall_micro": 0.925140134529148,
 "recall_macro": 0.924899713865433,
 "recall_samples": 0.925140134529148,
 "f1": [
  0.9527313111681821,
  0.8958150226489081,
  0.9217986314760508,
  0.9760566312721216,
  0.8767776040503313
 ],
 "f1_micro": 0.925140134529148,
 "f1_macro": 0.9246358401231187,
 "f1_samples": 0.925140134529148,
 "loss": 0.2112820232455448
}