{
 "cm": [
  6861,
  54,
  90,
  10,
  54,
  56,
  6668,
  167,
  39,
  295,
  169,
  186,
  6595,
  80,
  93,
  29,
  28,
  46,
  7085,
  32,
  175,
  665,
  150,
  84,
  5969
 ],
 "accuracy": 0.9298766816143498,
 "precision": [
  0.9411522633744855,
  0.8772529930272333,
  0.9357264472190693,
  0.9708139216223622,
  0.9264317864348905
 ],
 "precision_micro": 0.9298766816143498,
 "precision_macro": 0.9302754823356082,
 "precision_samples": 0.9298766816143498,
 "recall": [
  0.9705757532890084,
  0.9229065743944637,
  0.925873929524077,
  0.9813019390581718,
  0.8475081641346017
 ],
 "recall_micro": 0.9298766816143498,
 "recall_macro": 0.9296332720800645,
 "recall_samples": 0.9298766816143498,
 "f1": [
  0.9556375792186086,
  0.8995008768379873,
  0.9307741161527062,
  0.976029756164761,
  0.8852142963072817
 ],
 "f1_micro": 0.9298766816143498,
 "f1_macro": 0.9294313249362689,
 "f1_samples": 0.9298766816143498,
 "loss": 0.18566137190868912
}