{
 "cm": [
  6846,
  33,
  116,
  11,
  63,
  51,
  6785,
  183,
  27,
  179,
  156,
  173,
  6680,
  51,
  63,
  24,
  34,
  69,
  7067,
  26,
  139,
  718,
  237,
  74,
  5875
 ],
 "accuracy": 0.9319786995515695,
 "precision": [
  0.9487250554323725,
  0.8762753454733307,
  0.9169526424159231,
  0.9774550484094052,
  0.9466645182081856
 ],
 "precision_micro": 0.9319786995515695,
 "precision_macro": 0.9332145219878434,
 "precision_samples": 0.9319786995515695,
 "recall": [
  0.9684538124204272,
  0.9391003460207612,
  0.9378071037484206,
  0.978808864265928,
  0.8341615788726395
 ],
 "recall_micro": 0.9319786995515695,
 "recall_macro": 0.9316663410656354,
 "recall_samples": 0.9319786995515695,
 "f1": [
  0.9584879243962198,
  0.906600748262961,
  0.9272626318711826,
  0.9781314878892734,
  0.8868593856140086
 ],
 "f1_micro": 0.9319786995515695,
 "f1_macro": 0.9314684356067291,
 "f1_samples": 0.9319786995515695,
 "loss": 0.18743639610321422
}