{
 "cm": [
  6889,
  54,
  142,
  14,
  58,
  50,
  6556,
  234,
  66,
  243,
  149,
  201,
  6628,
  58,
  65,
  15,
  27,
  90,
  7029,
  21,
  183,
  688,
  297,
  87,
  5836
 ],
 "accuracy": 0.9231502242152466,
 "precision": [
  0.9455119407082075,
  0.8711134732925857,
  0.8967663374374238,
  0.9689826302729528,
  0.9378113450104452
 ],
 "precision_micro": 0.9231502242152466,
 "precision_macro": 0.9240371453443231,
 "precision_samples": 0.9231502242152466,
 "recall": [
  0.9625541427972614,
  0.917051335851168,
  0.9333896634276863,
  0.9786967418546366,
  0.823015089550134
 ],
 "recall_micro": 0.9231502242152466,
 "recall_macro": 0.9229413946961772,
 "recall_samples": 0.9231502242152466,
 "f1": [
  0.953956934154954,
  0.8934923339011925,
  0.9147115650013801,
  0.9738154613466334,
  0.8766711732011416
 ],
 "f1_micro": 0.9231502242152466,
 "f1_macro": 0.9225294935210604,
 "f1_samples": 0.9231502242152466,
 "loss": 0.18658600669966646
}