{
 "cm": [
  6902,
  48,
  117,
  29,
  61,
  90,
  6386,
  300,
  62,
  311,
  277,
  267,
  6370,
  96,
  91,
  25,
  46,
  108,
  6958,
  45,
  289,
  844,
  299,
  97,
  5562
 ],
 "accuracy": 0.9018497757847533,
 "precision": [
  0.9101938546749307,
  0.8412593861151364,
  0.8854601056435919,
  0.9607843137254902,
  0.9163097199341022
 ],
 "precision_micro": 0.9018497757847533,
 "precision_macro": 0.9028014760186502,
 "precision_samples": 0.9018497757847533,
 "recall": [
  0.9643705463182898,
  0.8932717862638131,
  0.8970567525700606,
  0.9688109161793372,
  0.7843745593005218
 ],
 "recall_micro": 0.9018497757847533,
 "recall_macro": 0.9015769121264045,
 "recall_samples": 0.9018497757847533,
 "f1": [
  0.9364993215739484,
  0.8664857530529172,
  0.8912207065407485,
  0.9647809206877427,
  0.8452245270116252
 ],
 "f1_micro": 0.9018497757847533,
 "f1_macro": 0.9008422457733964,
 "f1_samples": 0.9018497757847533,
 "loss": 0.28598245406677164
}