{
 "cm": [
  6787,
  63,
  216,
  23,
  68,
  63,
  6397,
  322,
  44,
  323,
  187,
  218,
  6535,
  64,
  97,
  31,
  40,
  114,
  6930,
  67,
  232,
  763,
  307,
  68,
  5721
 ],
 "accuracy": 0.9072309417040358,
 "precision": [
  0.9297260273972603,
  0.8550995856168961,
  0.8720309580998132,
  0.972085846542292,
  0.9115678776290631
 ],
 "precision_micro": 0.9072309417040358,
 "precision_macro": 0.9081020590570651,
 "precision_samples": 0.9072309417040358,
 "recall": [
  0.9483023613245773,
  0.8948104630018184,
  0.9202929164906352,
  0.9649122807017544,
  0.8067973487519391
 ],
 "recall_micro": 0.9072309417040358,
 "recall_macro": 0.907023074054145,
 "recall_samples": 0.9072309417040358,
 "f1": [
  0.938922321366812,
  0.8745044429254956,
  0.8955121616992121,
  0.9684857801691007,
  0.8559886287125009
 ],
 "f1_micro": 0.9072309417040358,
 "f1_macro": 0.9066826669746243,
 "f1_samples": 0.9072309417040358,
 "loss": 0.24503124438677895
}