{
 "cm": [
  6862,
  53,
  154,
  15,
  73,
  52,
  6438,
  258,
  58,
  343,
  141,
  158,
  6663,
  65,
  74,
  12,
  16,
  61,
  7062,
  31,
  146,
  596,
  284,
  78,
  5987
 ],
 "accuracy": 0.9252242152466368,
 "precision": [
  0.9513378621932622,
  0.8866547307533398,
  0.897978436657682,
  0.9703215169002474,
  0.9199446834665027
 ],
 "precision_micro": 0.9252242152466368,
 "precision_macro": 0.9252474459942068,
 "precision_samples": 0.9252242152466368,
 "recall": [
  0.9587816124074333,
  0.9005455308434747,
  0.9383185466835657,
  0.9832915622389307,
  0.844309688337329
 ],
 "recall_micro": 0.9252242152466368,
 "recall_macro": 0.9250493881021468,
 "recall_samples": 0.9252242152466368,
 "f1": [
  0.955045233124565,
  0.8935461485079805,
  0.9177053921906205,
  0.9767634854771784,
  0.8805059195529084
 ],
 "f1_micro": 0.9252242152466368,
 "f1_macro": 0.9247132357706505,
 "f1_samples": 0.9252242152466368,
 "loss": 0.18804428803000445
}