{
 "cm": [
  6752,
  76,
  199,
  28,
  102,
  83,
  6302,
  493,
  63,
  208,
  281,
  278,
  6340,
  63,
  139,
  42,
  61,
  159,
  6855,
  65,
  270,
  1009,
  349,
  94,
  5369
 ],
 "accuracy": 0.8861547085201794,
 "precision": [
  0.908992999461497,
  0.8156872896712399,
  0.8408488063660478,
  0.9650851752780515,
  0.9126296107428183
 ],
 "precision_micro": 0.8861547085201794,
 "precision_macro": 0.8886487763039309,
 "precision_samples": 0.8861547085201794,
 "recall": [
  0.9434120441525778,
  0.8815218911735907,
  0.8928319954935925,
  0.954469507101086,
  0.7571569595261599
 ],
 "recall_micro": 0.8861547085201794,
 "recall_macro": 0.8858784794894013,
 "recall_samples": 0.8861547085201794,
 "f1": [
  0.9258827562564278,
  0.847327731092437,
  0.8660610614029096,
  0.95974798739937,
  0.8276553106212425
 ],
 "f1_micro": 0.8861547085201794,
 "f1_macro": 0.8853349693544775,
 "f1_samples": 0.8861547085201794,
 "loss": 0.3711273586095712
}