{
 "cm": [
  6867,
  71,
  93,
  22,
  104,
  50,
  6459,
  291,
  50,
  299,
  232,
  246,
  6445,
  60,
  118,
  22,
  40,
  96,
  6966,
  58,
  190,
  753,
  246,
  86,
  5816
 ],
 "accuracy": 0.912359865470852,
 "precision": [
  0.9328895530498573,
  0.8533491874752279,
  0.8987588899735044,
  0.9696547884187082,
  0.909460516028147
 ],
 "precision_micro": 0.912359865470852,
 "precision_macro": 0.912822586989089,
 "precision_samples": 0.912359865470852,
 "recall": [
  0.9594802291462904,
  0.9034830046160303,
  0.9076186452612308,
  0.9699248120300752,
  0.8201946128895783
 ],
 "recall_micro": 0.912359865470852,
 "recall_macro": 0.912140260788641,
 "recall_samples": 0.912359865470852,
 "f1": [
  0.9459980713596914,
  0.8777007745617611,
  0.9031670403587444,
  0.9697897814283726,
  0.8625240990656977
 ],
 "f1_micro": 0.912359865470852,
 "f1_macro": 0.9118359533548535,
 "f1_samples": 0.912359865470852,
 "loss": 0.24380437776756278
}