{
 "cm": [
  6901,
  42,
  110,
  10,
  94,
  63,
  6518,
  266,
  41,
  261,
  180,
  176,
  6610,
  46,
  89,
  21,
  40,
  119,
  6963,
  39,
  181,
  707,
  251,
  64,
  5888
 ],
 "accuracy": 0.92152466367713,
 "precision": [
  0.9394228151374898,
  0.8710410263263397,
  0.8985861881457313,
  0.977400336889388,
  0.924187725631769
 ],
 "precision_micro": 0.92152466367713,
 "precision_macro": 0.9221276184261435,
 "precision_samples": 0.92152466367713,
 "recall": [
  0.9642308229705183,
  0.911735907119877,
  0.9308548091818054,
  0.9695071010860484,
  0.8303483288675786
 ],
 "recall_micro": 0.92152466367713,
 "recall_macro": 0.9213353938451656,
 "recall_samples": 0.92152466367713,
 "f1": [
  0.9516651727228849,
  0.8909240021869874,
  0.9144359133983537,
  0.9734377184398154,
  0.8747585797058387
 ],
 "f1_micro": 0.92152466367713,
 "f1_macro": 0.921044277290776,
 "f1_samples": 0.92152466367713,
 "loss": 0.2131595110216523
}