{
 "cm": [
  6831,
  49,
  170,
  21,
  86,
  71,
  6382,
  377,
  46,
  273,
  167,
  144,
  6658,
  45,
  87,
  19,
  43,
  110,
  6972,
  38,
  190,
  738,
  284,
  86,
  5793
 ],
 "accuracy": 0.9146860986547085,
 "precision": [
  0.9385820280296785,
  0.8675910821098423,
  0.876167916831162,
  0.9723849372384937,
  0.922893101800223
 ],
 "precision_micro": 0.9146860986547085,
 "precision_macro": 0.9155238132018798,
 "precision_samples": 0.9146860986547085,
 "recall": [
  0.9544501886265195,
  0.892712267449993,
  0.9376144205041543,
  0.9707602339181286,
  0.8169510647299394
 ],
 "recall_micro": 0.9146860986547085,
 "recall_macro": 0.9144976350457469,
 "recall_samples": 0.9146860986547085,
 "f1": [
  0.9464496016626256,
  0.8799724233023095,
  0.9058503401360545,
  0.9715719063545151,
  0.8666965888689407
 ],
 "f1_micro": 0.9146860986547085,
 "f1_macro": 0.9141081720648889,
 "f1_samples": 0.9146860986547085,
 "loss": 0.21280007585453875
}