{
 "cm": [
  6865,
  65,
  115,
  30,
  82,
  99,
  6361,
  325,
  67,
  297,
  308,
  301,
  6253,
  105,
  134,
  29,
  39,
  89,
  6961,
  64,
  277,
  870,
  266,
  97,
  5581
 ],
 "accuracy": 0.8974495515695067,
 "precision": [
  0.9059118500923726,
  0.8330277632268204,
  0.8872020431328036,
  0.9588154269972452,
  0.9063007469957779
 ],
 "precision_micro": 0.8974495515695067,
 "precision_macro": 0.8982515660890039,
 "precision_samples": 0.8974495515695067,
 "recall": [
  0.9592007824507475,
  0.8897747936774374,
  0.8805801999718349,
  0.969228627123364,
  0.7870540121280496
 ],
 "recall_micro": 0.8974495515695067,
 "recall_macro": 0.8971676830702867,
 "recall_samples": 0.8974495515695067,
 "f1": [
  0.9317950458092976,
  0.8604666892120393,
  0.8838787193441232,
  0.9639939066611273,
  0.842478677636048
 ],
 "f1_micro": 0.8974495515695067,
 "f1_macro": 0.8965226077325271,
 "f1_samples": 0.8974495515695067,
 "loss": 0.2909551831466822
}