{
 "cm": [
  6650,
  113,
  266,
  27,
  101,
  78,
  6360,
  405,
  105,
  201,
  256,
  358,
  6257,
  93,
  137,
  45,
  50,
  154,
  6874,
  59,
  288,
  1107,
  363,
  131,
  5202
 ],
 "accuracy": 0.8784473094170404,
 "precision": [
  0.9088424217575509,
  0.7961942914371557,
  0.8404298186702485,
  0.9507607192254495,
  0.9126315789473685
 ],
 "precision_micro": 0.8784473094170404,
 "precision_macro": 0.8817717660075546,
 "precision_samples": 0.8784473094170404,
 "recall": [
  0.9291602626798938,
  0.8896349139739824,
  0.8811435009153641,
  0.9571150097465887,
  0.7336059794105204
 ],
 "recall_micro": 0.8784473094170404,
 "recall_macro": 0.8781319333452698,
 "recall_samples": 0.8784473094170404,
 "f1": [
  0.9188890424208926,
  0.8403250313800621,
  0.8603052385535542,
  0.9539272828198724,
  0.8133844109139239
 ],
 "f1_micro": 0.8784473094170404,
 "f1_macro": 0.8773662012176612,
 "f1_samples": 0.8784473094170404,
 "loss": 0.4115707548715526
}