{
 "cm": [
  165480,
  1988,
  6355,
  500,
  4173,
  2669,
  147416,
  14431,
  1264,
  13122,
  6884,
  6356,
  158945,
  1617,
  4632,
  1018,
  1159,
  3483,
  170897,
  1846,
  6405,
  20780,
  9794,
  1919,
  138905
 ],
 "accuracy": 0.8762440613516465,
 "precision": [
  0.9069583899679923,
  0.8295826087935216,
  0.8235150874575147,
  0.9699200326906815,
  0.853864689755222
 ],
 "precision_micro": 0.8762440613516465,
 "precision_macro": 0.8767681617329863,
 "precision_samples": 0.8762440613516465,
 "recall": [
  0.9270795984223736,
  0.8240042034186315,
  0.8907775423966284,
  0.957926716478983,
  0.7812297880238241
 ],
 "recall_micro": 0.8762440613516465,
 "recall_macro": 0.8762035697480881,
 "recall_samples": 0.8762440613516465,
 "f1": [
  0.9169086194286221,
  0.8267839966797625,
  0.8558267508790067,
  0.9638860688099267,
  0.8159339287654818
 ],
 "f1_micro": 0.8762440613516465,
 "f1_macro": 0.8758678729125601,
 "f1_samples": 0.8762440613516465
}