{
 "cm": [
  6742,
  78,
  128,
  25,
  92,
  103,
  6408,
  315,
  50,
  245,
  313,
  389,
  6205,
  108,
  140,
  32,
  43,
  81,
  6944,
  41,
  311,
  1078,
  285,
  108,
  5418
 ],
 "accuracy": 0.8888795471105879,
 "precision": [
  0.8988134915344621,
  0.8014007003501751,
  0.884659252922726,
  0.9597788527988943,
  0.9127358490566038
 ],
 "precision_micro": 0.8888795471105879,
 "precision_macro": 0.8914776293325722,
 "precision_samples": 0.8888795471105879,
 "recall": [
  0.9542816702052371,
  0.8998736132565651,
  0.86722571628232,
  0.9724128273351071,
  0.7525
 ],
 "recall_micro": 0.8888795471105879,
 "recall_macro": 0.8892587654158458,
 "recall_samples": 0.8888795471105879,
 "f1": [
  0.9257174241384045,
  0.8477872593768605,
  0.8758557414072976,
  0.9660545353366722,
  0.8249086479902558
 ],
 "f1_micro": 0.8888795471105879,
 "f1_macro": 0.888064721649898,
 "f1_samples": 0.8888795471105879,
 "loss": 0.31711783025313994
}