{
 "cm": [
  6700,
  45,
  192,
  18,
  110,
  89,
  6007,
  526,
  42,
  457,
  212,
  132,
  6617,
  45,
  149,
  24,
  23,
  124,
  6903,
  67,
  221,
  682,
  356,
  57,
  5884
 ],
 "accuracy": 0.8999215290622723,
 "precision": [
  0.9246480817002484,
  0.8719698069385977,
  0.8467050543825976,
  0.9770700636942675,
  0.8825558722063896
 ],
 "precision_micro": 0.8999215290622723,
 "precision_macro": 0.9005897757844201,
 "precision_samples": 0.8999215290622723,
 "recall": [
  0.9483368719037509,
  0.843561297570566,
  0.9248078266946191,
  0.9666713345469822,
  0.8172222222222222
 ],
 "recall_micro": 0.8999215290622723,
 "recall_macro": 0.900119910587628,
 "recall_samples": 0.8999215290622723,
 "f1": [
  0.9363426734679617,
  0.857530335474661,
  0.8840347361389446,
  0.9718428832887512,
  0.8486334463113867
 ],
 "f1_micro": 0.8999215290622723,
 "f1_macro": 0.899676814936341,
 "f1_samples": 0.8999215290622723,
 "loss": 0.25091036559159613
}