{
 "cm": [
  6627,
  120,
  228,
  16,
  74,
  84,
  6208,
  578,
  42,
  209,
  302,
  283,
  6409,
  36,
  125,
  41,
  57,
  184,
  6809,
  50,
  357,
  1115,
  450,
  80,
  5198
 ],
 "accuracy": 0.8758197410459055,
 "precision": [
  0.8942113075158548,
  0.797635873056662,
  0.8165371384889795,
  0.9750823428325934,
  0.919024045261669
 ],
 "precision_micro": 0.8758197410459055,
 "precision_macro": 0.8804981414311517,
 "precision_samples": 0.8758197410459055,
 "recall": [
  0.9380042462845011,
  0.8717876702710293,
  0.8957372466806429,
  0.9535079120571348,
  0.7219444444444445
 ],
 "recall_micro": 0.8758197410459055,
 "recall_macro": 0.8761963039475505,
 "recall_samples": 0.8758197410459055,
 "f1": [
  0.9155844155844156,
  0.833064949006978,
  0.8543055185283924,
  0.9641744548286605,
  0.8086496577473553
 ],
 "f1_micro": 0.8758197410459055,
 "f1_macro": 0.8751557991391603,
 "f1_samples": 0.8758197410459055,
 "loss": 0.3806254872540294
}