{
 "cm": [
  6758,
  78,
  141,
  32,
  56,
  71,
  6285,
  411,
  54,
  300,
  251,
  193,
  6553,
  75,
  83,
  24,
  31,
  81,
  6983,
  22,
  288,
  880,
  348,
  103,
  5581
 ],
 "accuracy": 0.9012947704725072,
 "precision": [
  0.9142316017316018,
  0.8417034953796706,
  0.8697902840456597,
  0.9635711328825721,
  0.9237007613373055
 ],
 "precision_micro": 0.9012947704725072,
 "precision_macro": 0.902599455075362,
 "precision_samples": 0.9012947704725072,
 "recall": [
  0.9565463552724699,
  0.8826007583204606,
  0.9158630328441649,
  0.9778742473042992,
  0.7751388888888889
 ],
 "recall_micro": 0.9012947704725072,
 "recall_macro": 0.9016046565260567,
 "recall_samples": 0.9012947704725072,
 "f1": [
  0.9349104240160476,
  0.8616671236632849,
  0.8922322826604943,
  0.9706700027800945,
  0.842924029602779
 ],
 "f1_micro": 0.9012947704725072,
 "f1_macro": 0.9004807725445401,
 "f1_samples": 0.9012947704725072,
 "loss": 0.24941370634429394
}