{
 "cm": [
  6658,
  82,
  177,
  27,
  121,
  121,
  6065,
  587,
  77,
  271,
  351,
  318,
  6242,
  69,
  175,
  48,
  48,
  134,
  6855,
  56,
  377,
  1083,
  399,
  132,
  5209
 ],
 "accuracy": 0.8695981166974945,
 "precision": [
  0.8812706816677697,
  0.7984465508162191,
  0.8279612680726887,
  0.9574022346368715,
  0.8931755829903978
 ],
 "precision_micro": 0.8695981166974945,
 "precision_macro": 0.8716512636367894,
 "precision_samples": 0.8695981166974945,
 "recall": [
  0.9423920736022647,
  0.8517062210363713,
  0.8723969252271139,
  0.959949586892592,
  0.7234722222222222
 ],
 "recall_micro": 0.8695981166974945,
 "recall_macro": 0.8699834057961129,
 "recall_samples": 0.8695981166974945,
 "f1": [
  0.9108071135430916,
  0.8242168920296256,
  0.8495984755682592,
  0.9586742185861129,
  0.7994168201350522
 ],
 "f1_micro": 0.8695981166974945,
 "f1_macro": 0.8685427039724283,
 "f1_samples": 0.8695981166974945,
 "loss": 0.4083969556943949
}