{
 "cm": [
  6847,
  54,
  81,
  13,
  70,
  127,
  6301,
  404,
  41,
  248,
  357,
  246,
  6370,
  39,
  143,
  40,
  33,
  129,
  6889,
  50,
  320,
  981,
  335,
  46,
  5518
 ],
 "accuracy": 0.8947088167703604,
 "precision": [
  0.8902613444285529,
  0.8274458305975049,
  0.8703374777975134,
  0.980221969265794,
  0.9152429922043457
 ],
 "precision_micro": 0.8947088167703604,
 "precision_macro": 0.8967019228587422,
 "precision_samples": 0.8947088167703604,
 "recall": [
  0.9691436659589526,
  0.8848476337593034,
  0.8902865129280224,
  0.9647108248144518,
  0.7663888888888889
 ],
 "recall_micro": 0.8947088167703604,
 "recall_macro": 0.8950755052699237,
 "recall_samples": 0.8947088167703604,
 "f1": [
  0.9280292762266197,
  0.8551845819761129,
  0.880198977476855,
  0.9724045451337426,
  0.8342278327915942
 ],
 "f1_micro": 0.8947088167703604,
 "f1_macro": 0.8940090427209849,
 "f1_samples": 0.8947088167703604,
 "loss": 0.28726107338108287
}