{
 "cm": [
  6730,
  84,
  146,
  18,
  87,
  120,
  6313,
  412,
  42,
  234,
  329,
  328,
  6290,
  57,
  151,
  32,
  52,
  120,
  6883,
  54,
  334,
  1066,
  335,
  86,
  5379
 ],
 "accuracy": 0.8854604562524522,
 "precision": [
  0.8919814446653412,
  0.8049215861277572,
  0.861289880870875,
  0.971351961614451,
  0.9109229466553768
 ],
 "precision_micro": 0.8854604562524522,
 "precision_macro": 0.8880935639867603,
 "precision_samples": 0.8854604562524522,
 "recall": [
  0.9525831564048125,
  0.8865327903384356,
  0.8791055206149546,
  0.963870606357653,
  0.7470833333333333
 ],
 "recall_micro": 0.8854604562524522,
 "recall_macro": 0.8858350814098378,
 "recall_samples": 0.8854604562524522,
 "f1": [
  0.921286789869952,
  0.8437583533814488,
  0.8701065154239868,
  0.9675968229422929,
  0.8209080503624571
 ],
 "f1_micro": 0.8854604562524522,
 "f1_macro": 0.8847313063960275,
 "f1_samples": 0.8854604562524522,
 "loss": 0.32137836027432426
}