{
 "cm": [
  6671,
  76,
  172,
  32,
  114,
  85,
  6395,
  378,
  49,
  214,
  236,
  258,
  6461,
  81,
  119,
  26,
  31,
  80,
  6973,
  31,
  227,
  989,
  312,
  94,
  5578
 ],
 "accuracy": 0.8989966930104815,
 "precision": [
  0.9207729468599034,
  0.8252677764872887,
  0.8727542888018371,
  0.9645870798174021,
  0.9210700132100397
 ],
 "precision_micro": 0.8989966930104815,
 "precision_macro": 0.9008904210352942,
 "precision_samples": 0.8989966930104815,
 "recall": [
  0.9442321302193913,
  0.8980480269625053,
  0.903004891684137,
  0.9764738832096345,
  0.7747222222222222
 ],
 "recall_micro": 0.8989966930104815,
 "recall_macro": 0.899296230859578,
 "recall_samples": 0.8989966930104815,
 "f1": [
  0.9323549965059399,
  0.8601210490921318,
  0.8876219260887485,
  0.9704940848990954,
  0.8415811707905854
 ],
 "f1_micro": 0.8989966930104815,
 "f1_macro": 0.8984346454753002,
 "f1_samples": 0.8989966930104815,
 "loss": 0.26692692604028373
}