{
 "cm": [
  6812,
  48,
  115,
  25,
  65,
  107,
  6205,
  430,
  59,
  320,
  261,
  173,
  6508,
  86,
  127,
  26,
  28,
  74,
  6988,
  25,
  305,
  808,
  327,
  93,
  5667
 ],
 "accuracy": 0.9018552771705622,
 "precision": [
  0.9069364931433896,
  0.8544478105205178,
  0.873088274751811,
  0.9637291408081644,
  0.9134429400386848
 ],
 "precision_micro": 0.9018552771705622,
 "precision_macro": 0.9023289318525135,
 "precision_samples": 0.9018552771705622,
 "recall": [
  0.9641896673743807,
  0.8713663811262463,
  0.9095737246680643,
  0.9785744293516314,
  0.7870833333333334
 ],
 "recall_micro": 0.9018552771705622,
 "recall_macro": 0.9021575071707313,
 "recall_samples": 0.9018552771705622,
 "f1": [
  0.9346871569703622,
  0.8628241674198707,
  0.8909576288589226,
  0.9710950528071151,
  0.8455684870188004
 ],
 "f1_micro": 0.9018552771705622,
 "f1_macro": 0.9010264986150143,
 "f1_samples": 0.9018552771705622,
 "loss": 0.2665469651962082
}