{
 "cm": [
  6636,
  59,
  250,
  19,
  101,
  103,
  6211,
  407,
  32,
  368,
  211,
  271,
  6496,
  40,
  137,
  26,
  44,
  136,
  6861,
  74,
  273,
  886,
  397,
  56,
  5588
 ],
 "accuracy": 0.8909814472282944,
 "precision": [
  0.9154366119464754,
  0.8313478784633918,
  0.8451730418943534,
  0.9790239726027398,
  0.8915124441608169
 ],
 "precision_micro": 0.8909814472282944,
 "precision_macro": 0.8924987898135555,
 "precision_samples": 0.8909814472282944,
 "recall": [
  0.9392781316348195,
  0.8722089594158123,
  0.9078965758211042,
  0.9607898053493908,
  0.7761111111111111
 ],
 "recall_micro": 0.8909814472282944,
 "recall_macro": 0.8912569166664476,
 "recall_samples": 0.8909814472282944,
 "f1": [
  0.9272041358110941,
  0.8512883771929824,
  0.8754127080385419,
  0.969821188776592,
  0.8298188298188298
 ],
 "f1_micro": 0.8909814472282944,
 "f1_macro": 0.8907090479276081,
 "f1_samples": 0.8909814472282944,
 "loss": 0.28980058794624175
}